Date,Fear Greed Index
2011-01-03,68
2011-01-04,68
2011-01-05,67
2011-01-06,64
2011-01-07,63
2011-01-10,58
2011-01-11,58
2011-01-12,58
2011-01-13,58
2011-01-14,60
2011-01-18,56
2011-01-19,55
2011-01-20,54
2011-01-21,47
2011-01-24,45
2011-01-25,43
2011-01-26,43
2011-01-27,43
2011-01-28,43
2011-01-31,41
2011-02-01,41
2011-02-02,46
2011-02-03,47
2011-02-04,49
2011-02-07,56
2011-02-08,56
2011-02-09,56
2011-02-10,56
2011-02-11,56
2011-02-14,61
2011-02-15,61
2011-02-16,61
2011-02-17,61
2011-02-18,56
2011-02-22,42
2011-02-23,42
2011-02-24,42
2011-02-25,42
2011-02-28,43
2011-03-01,43
2011-03-02,42
2011-03-03,41
2011-03-04,39
2011-03-07,35
2011-03-08,27
2011-03-09,26
2011-03-10,26
2011-03-11,26
2011-03-14,13
2011-03-15,13
2011-03-16,11
2011-03-17,9
2011-03-18,9
2011-03-21,14
2011-03-22,15
2011-03-23,16
2011-03-24,16
2011-03-25,19
2011-03-28,23
2011-03-29,23
2011-03-30,24
2011-03-31,24
2011-04-01,27
2011-04-04,31
2011-04-05,35
2011-04-06,37
2011-04-07,37
2011-04-08,37
2011-04-11,34
2011-04-12,33
2011-04-13,33
2011-04-14,30
2011-04-15,28
2011-04-18,24
2011-04-19,24
2011-04-20,25
2011-04-21,30
2011-04-25,35
2011-04-26,36
2011-04-27,37
2011-04-28,37
2011-04-29,41
2011-05-02,36
2011-05-03,31
2011-05-04,30
2011-05-05,29
2011-05-06,27
2011-05-09,28
2011-05-10,31
2011-05-11,31
2011-05-12,32
2011-05-13,32
2011-05-16,27
2011-05-17,27
2011-05-18,25
2011-05-19,23
2011-05-20,22
2011-05-23,16
2011-05-24,13
2011-05-25,13
2011-05-26,15
2011-05-27,16
2011-05-31,16
2011-06-01,15
2011-06-02,12
2011-06-03,9
2011-06-06,6
2011-06-07,6
2011-06-08,6
2011-06-09,6
2011-06-10,5
2011-06-13,6
2011-06-14,5
2011-06-15,5
2011-06-16,6
2011-06-17,7
2011-06-20,9
2011-06-21,9
2011-06-22,10
2011-06-23,10
2011-06-24,11
2011-06-27,25
2011-06-28,29
2011-06-29,30
2011-06-30,32
2011-07-01,34
2011-07-05,51
2011-07-06,52
2011-07-07,48
2011-07-08,43
2011-07-11,35
2011-07-12,31
2011-07-13,31
2011-07-14,31
2011-07-15,32
2011-07-18,44
2011-07-19,44
2011-07-20,47
2011-07-21,48
2011-07-22,51
2011-07-25,38
2011-07-26,35
2011-07-27,27
2011-07-28,27
2011-07-29,16
2011-08-01,10
2011-08-02,8
2011-08-03,2
2011-08-04,5
2011-08-05,5
2011-08-08,1
2011-08-09,2
2011-08-10,2
2011-08-11,3
2011-08-12,6
2011-08-15,7
2011-08-16,11
2011-08-17,7
2011-08-18,7
2011-08-19,6
2011-08-22,7
2011-08-23,9
2011-08-24,8
2011-08-25,11
2011-08-26,12
2011-08-29,22
2011-08-30,22
2011-08-31,28
2011-09-01,26
2011-09-02,26
2011-09-06,27
2011-09-07,28
2011-09-08,25
2011-09-09,25
2011-09-12,31
2011-09-13,31
2011-09-14,31
2011-09-15,33
2011-09-16,38
2011-09-19,39
2011-09-20,32
2011-09-21,31
2011-09-22,28
2011-09-23,28
2011-09-26,26
2011-09-27,25
2011-09-28,27
2011-09-29,23
2011-09-30,22
2011-10-03,20
2011-10-04,23
2011-10-05,27
2011-10-06,33
2011-10-07,31
2011-10-10,41
2011-10-11,41
2011-10-12,42
2011-10-13,42
2011-10-14,41
2011-10-17,48
2011-10-18,48
2011-10-19,48
2011-10-20,54
2011-10-21,66
2011-10-24,62
2011-10-25,62
2011-10-26,71
2011-10-27,67
2011-10-28,66
2011-10-31,62
2011-11-01,62
2011-11-02,62
2011-11-03,63
2011-11-04,60
2011-11-07,65
2011-11-08,65
2011-11-09,59
2011-11-10,60
2011-11-11,60
2011-11-14,54
2011-11-15,54
2011-11-16,55
2011-11-17,52
2011-11-18,46
2011-11-21,43
2011-11-22,41
2011-11-23,39
2011-11-25,51
2011-11-28,57
2011-11-29,62
2011-11-30,67
2011-12-01,61
2011-12-02,67
2011-12-05,66
2011-12-06,66
2011-12-07,66
2011-12-08,66
2011-12-09,65
2011-12-12,62
2011-12-13,56
2011-12-14,61
2011-12-15,61
2011-12-16,60
2011-12-19,74
2011-12-20,74
2011-12-21,74
2011-12-22,78
2011-12-23,77
2011-12-27,75
2011-12-28,75
2011-12-29,75
2011-12-30,75
2012-01-03,77
2012-01-04,77
2012-01-05,78
2012-01-06,78
2012-01-09,81
2012-01-10,82
2012-01-11,83
2012-01-12,83
2012-01-13,83
2012-01-17,88
2012-01-18,90
2012-01-19,89
2012-01-20,88
2012-01-23,87
2012-01-24,87
2012-01-25,84
2012-01-26,82
2012-01-27,82
2012-01-30,82
2012-01-31,85
2012-02-01,87
2012-02-02,88
2012-02-03,88
2012-02-06,88
2012-02-07,86
2012-02-08,86
2012-02-09,85
2012-02-10,83
2012-02-13,83
2012-02-14,81
2012-02-15,82
2012-02-16,81
2012-02-17,80
2012-02-21,79
2012-02-22,78
2012-02-23,79
2012-02-24,79
2012-02-27,75
2012-02-28,75
2012-02-29,72
2012-03-01,70
2012-03-02,68
2012-03-05,66
2012-03-06,63
2012-03-07,62
2012-03-08,63
2012-03-09,70
2012-03-12,74
2012-03-13,79
2012-03-14,79
2012-03-15,79
2012-03-16,77
2012-03-19,73
2012-03-20,73
2012-03-21,71
2012-03-22,66
2012-03-23,71
2012-03-26,66
2012-03-27,66
2012-03-28,62
2012-03-29,62
2012-03-30,63
2012-04-02,63
2012-04-03,61
2012-04-04,63
2012-04-05,55
2012-04-09,46
2012-04-10,39
2012-04-11,39
2012-04-12,38
2012-04-13,38
2012-04-16,37
2012-04-17,37
2012-04-18,36
2012-04-19,35
2012-04-20,35
2012-04-23,34
2012-04-24,34
2012-04-25,38
2012-04-26,40
2012-04-27,41
2012-04-30,43
2012-05-01,42
2012-05-02,42
2012-05-03,41
2012-05-04,41
2012-05-07,38
2012-05-08,32
2012-05-09,32
2012-05-10,32
2012-05-11,25
2012-05-14,23
2012-05-15,20
2012-05-16,14
2012-05-17,12
2012-05-18,12
2012-05-21,16
2012-05-22,15
2012-05-23,15
2012-05-24,14
2012-05-25,13
2012-05-29,14
2012-05-30,12
2012-05-31,10
2012-06-01,10
2012-06-04,14
2012-06-05,14
2012-06-06,15
2012-06-07,16
2012-06-08,19
2012-06-11,20
2012-06-12,22
2012-06-13,19
2012-06-14,27
2012-06-15,35
2012-06-18,36
2012-06-19,36
2012-06-20,36
2012-06-21,33
2012-06-22,33
2012-06-25,39
2012-06-26,41
2012-06-27,41
2012-06-28,48
2012-06-29,53
2012-07-02,56
2012-07-03,59
2012-07-05,55
2012-07-06,51
2012-07-09,46
2012-07-10,48
2012-07-11,44
2012-07-12,44
2012-07-13,45
2012-07-16,48
2012-07-17,52
2012-07-18,52
2012-07-19,51
2012-07-20,51
2012-07-23,47
2012-07-24,41
2012-07-25,51
2012-07-26,55
2012-07-27,61
2012-07-30,57
2012-07-31,55
2012-08-01,55
2012-08-02,49
2012-08-03,63
2012-08-06,71
2012-08-07,70
2012-08-08,73
2012-08-09,75
2012-08-10,70
2012-08-13,75
2012-08-14,74
2012-08-15,72
2012-08-16,78
2012-08-17,79
2012-08-20,75
2012-08-21,74
2012-08-22,74
2012-08-23,72
2012-08-24,70
2012-08-27,68
2012-08-28,68
2012-08-29,63
2012-08-30,63
2012-08-31,59
2012-09-04,71
2012-09-05,74
2012-09-06,76
2012-09-07,83
2012-09-10,78
2012-09-11,86
2012-09-12,84
2012-09-13,91
2012-09-14,93
2012-09-17,92
2012-09-18,92
2012-09-19,92
2012-09-20,93
2012-09-21,93
2012-09-24,81
2012-09-25,81
2012-09-26,70
2012-09-27,76
2012-09-28,71
2012-10-01,72
2012-10-02,75
2012-10-03,76
2012-10-04,77
2012-10-05,78
2012-10-08,72
2012-10-09,66
2012-10-10,59
2012-10-11,56
2012-10-12,56
2012-10-15,54
2012-10-16,63
2012-10-17,61
2012-10-18,53
2012-10-19,56
2012-10-22,56
2012-10-23,42
2012-10-24,45
2012-10-25,41
2012-10-26,40
2012-10-31,45
2012-11-01,50
2012-11-02,50
2012-11-05,46
2012-11-06,47
2012-11-07,45
2012-11-08,40
2012-11-09,39
2012-11-12,35
2012-11-13,37
2012-11-14,31
2012-11-15,28
2012-11-16,28
2012-11-19,38
2012-11-20,42
2012-11-21,39
2012-11-23,47
2012-11-26,47
2012-11-27,49
2012-11-28,49
2012-11-29,52
2012-11-30,50
2012-12-03,45
2012-12-04,45
2012-12-05,45
2012-12-06,45
2012-12-07,51
2012-12-10,55
2012-12-11,55
2012-12-12,58
2012-12-13,60
2012-12-14,57
2012-12-17,64
2012-12-18,67
2012-12-19,64
2012-12-20,59
2012-12-21,56
2012-12-24,51
2012-12-26,58
2012-12-27,58
2012-12-28,66
2012-12-31,66
2013-01-02,68
2013-01-03,69
2013-01-04,82
2013-01-07,82
2013-01-08,80
2013-01-09,81
2013-01-10,85
2013-01-11,85
2013-01-14,86
2013-01-15,89
2013-01-16,85
2013-01-17,86
2013-01-18,89
2013-01-22,89
2013-01-23,92
2013-01-24,92
2013-01-25,91
2013-01-28,93
2013-01-29,94
2013-01-30,93
2013-01-31,89
2013-02-01,88
2013-02-04,80
2013-02-05,88
2013-02-06,81
2013-02-07,85
2013-02-08,83
2013-02-11,82
2013-02-12,82
2013-02-13,83
2013-02-14,87
2013-02-15,84
2013-02-19,81
2013-02-20,79
2013-02-21,68
2013-02-22,78
2013-02-25,62
2013-02-26,61
2013-02-27,56
2013-02-28,61
2013-03-01,60
2013-03-04,60
2013-03-05,71
2013-03-06,69
2013-03-07,73
2013-03-08,82
2013-03-11,79
2013-03-12,77
2013-03-13,77
2013-03-14,79
2013-03-15,77
2013-03-18,70
2013-03-19,73
2013-03-20,69
2013-03-21,69
2013-03-22,69
2013-03-25,70
2013-03-26,68
2013-03-27,70
2013-03-28,72
2013-04-01,63
2013-04-02,63
2013-04-03,59
2013-04-04,55
2013-04-05,52
2013-04-08,53
2013-04-09,56
2013-04-10,56
2013-04-11,57
2013-04-12,57
2013-04-15,41
2013-04-16,52
2013-04-17,47
2013-04-18,35
2013-04-19,41
2013-04-22,42
2013-04-23,46
2013-04-24,48
2013-04-25,53
2013-04-26,53
2013-04-29,60
2013-04-30,61
2013-05-01,62
2013-05-02,63
2013-05-03,64
2013-05-06,73
2013-05-07,78
2013-05-08,77
2013-05-09,76
2013-05-10,77
2013-05-13,80
2013-05-14,86
2013-05-15,87
2013-05-16,85
2013-05-17,91
2013-05-20,83
2013-05-21,83
2013-05-22,83
2013-05-23,80
2013-05-24,75
2013-05-28,67
2013-05-29,66
2013-05-30,72
2013-05-31,60
2013-06-03,55
2013-06-04,48
2013-06-05,32
2013-06-06,34
2013-06-07,40
2013-06-10,34
2013-06-11,31
2013-06-12,30
2013-06-13,30
2013-06-14,29
2013-06-17,24
2013-06-18,24
2013-06-19,21
2013-06-20,19
2013-06-21,19
2013-06-24,18
2013-06-25,19
2013-06-26,20
2013-06-27,21
2013-06-28,22
2013-07-01,25
2013-07-02,29
2013-07-03,30
2013-07-05,38
2013-07-08,40
2013-07-09,48
2013-07-10,49
2013-07-11,51
2013-07-12,61
2013-07-15,60
2013-07-16,62
2013-07-17,57
2013-07-18,62
2013-07-19,68
2013-07-22,63
2013-07-23,65
2013-07-24,64
2013-07-25,62
2013-07-26,64
2013-07-29,59
2013-07-30,62
2013-07-31,61
2013-08-01,68
2013-08-02,62
2013-08-05,61
2013-08-06,54
2013-08-07,47
2013-08-08,52
2013-08-09,44
2013-08-12,50
2013-08-13,50
2013-08-14,46
2013-08-15,43
2013-08-16,39
2013-08-19,32
2013-08-20,26
2013-08-21,26
2013-08-22,32
2013-08-23,27
2013-08-26,25
2013-08-27,18
2013-08-28,24
2013-08-29,23
2013-08-30,20
2013-09-03,17
2013-09-04,28
2013-09-05,33
2013-09-06,36
2013-09-09,43
2013-09-10,52
2013-09-11,47
2013-09-12,46
2013-09-13,48
2013-09-16,50
2013-09-17,54
2013-09-18,56
2013-09-19,62
2013-09-20,57
2013-09-23,49
2013-09-24,48
2013-09-25,47
2013-09-26,39
2013-09-27,41
2013-09-30,35
2013-10-01,40
2013-10-02,35
2013-10-03,29
2013-10-04,34
2013-10-07,27
2013-10-08,20
2013-10-09,29
2013-10-10,35
2013-10-11,31
2013-10-14,39
2013-10-15,39
2013-10-16,46
2013-10-17,48
2013-10-18,56
2013-10-21,53
2013-10-22,55
2013-10-23,61
2013-10-24,62
2013-10-25,62
2013-10-28,64
2013-10-29,64
2013-10-30,64
2013-10-31,66
2013-11-01,67
2013-11-04,68
2013-11-05,68
2013-11-06,68
2013-11-07,68
2013-11-08,68
2013-11-11,67
2013-11-12,69
2013-11-13,70
2013-11-14,70
2013-11-15,71
2013-11-18,71
2013-11-19,67
2013-11-20,68
2013-11-21,68
2013-11-22,68
2013-11-25,66
2013-11-26,64
2013-11-27,67
2013-11-29,70
2013-12-02,66
2013-12-03,65
2013-12-04,65
2013-12-05,57
2013-12-06,63
2013-12-09,53
2013-12-10,52
2013-12-11,51
2013-12-12,43
2013-12-13,38
2013-12-16,45
2013-12-17,38
2013-12-18,49
2013-12-19,50
2013-12-20,52
2013-12-23,61
2013-12-24,66
2013-12-26,63
2013-12-27,72
2013-12-30,70
2013-12-31,77
2014-01-02,71
2014-01-03,66
2014-01-06,64
2014-01-07,67
2014-01-08,64
2014-01-09,68
2014-01-10,66
2014-01-13,61
2014-01-14,68
2014-01-15,65
2014-01-16,63
2014-01-17,59
2014-01-21,62
2014-01-22,45
2014-01-23,46
2014-01-24,27
2014-01-27,25
2014-01-28,29
2014-01-29,20
2014-01-30,18
2014-01-31,20
2014-02-03,13
2014-02-04,15
2014-02-05,20
2014-02-06,17
2014-02-07,22
2014-02-10,28
2014-02-11,29
2014-02-12,32
2014-02-13,32
2014-02-14,30
2014-02-18,42
2014-02-19,39
2014-02-20,45
2014-02-21,48
2014-02-24,55
2014-02-25,57
2014-02-26,58
2014-02-27,62
2014-02-28,56
2014-03-03,63
2014-03-04,66
2014-03-05,78
2014-03-06,80
2014-03-07,81
2014-03-10,81
2014-03-11,76
2014-03-12,57
2014-03-13,49
2014-03-14,44
2014-03-17,49
2014-03-18,51
2014-03-19,53
2014-03-20,54
2014-03-21,56
2014-03-24,49
2014-03-25,43
2014-03-26,43
2014-03-27,34
2014-03-28,36
2014-03-31,50
2014-04-01,51
2014-04-02,53
2014-04-03,51
2014-04-04,49
2014-04-07,35
2014-04-08,34
2014-04-09,31
2014-04-10,31
2014-04-11,21
2014-04-14,23
2014-04-15,23
2014-04-16,28
2014-04-17,28
2014-04-21,38
2014-04-22,40
2014-04-23,40
2014-04-24,39
2014-04-25,35
2014-04-28,34
2014-04-29,34
2014-04-30,33
2014-05-01,30
2014-05-02,32
2014-05-05,34
2014-05-06,34
2014-05-07,33
2014-05-08,33
2014-05-09,42
2014-05-12,45
2014-05-13,39
2014-05-14,38
2014-05-15,28
2014-05-16,28
2014-05-19,26
2014-05-20,21
2014-05-21,29
2014-05-22,36
2014-05-23,37
2014-05-27,40
2014-05-28,42
2014-05-29,42
2014-05-30,45
2014-06-02,58
2014-06-03,66
2014-06-04,66
2014-06-05,81
2014-06-06,81
2014-06-09,89
2014-06-10,90
2014-06-11,88
2014-06-12,83
2014-06-13,85
2014-06-16,87
2014-06-17,88
2014-06-18,94
2014-06-19,95
2014-06-20,95
2014-06-23,93
2014-06-24,83
2014-06-25,83
2014-06-26,77
2014-06-27,76
2014-06-30,87
2014-07-01,87
2014-07-02,87
2014-07-03,86
2014-07-07,68
2014-07-08,74
2014-07-09,62
2014-07-10,56
2014-07-11,57
2014-07-14,59
2014-07-15,56
2014-07-16,55
2014-07-17,32
2014-07-18,46
2014-07-21,37
2014-07-22,38
2014-07-23,39
2014-07-24,42
2014-07-25,34
2014-07-28,34
2014-07-29,31
2014-07-30,26
2014-07-31,10
2014-08-01,5
2014-08-04,5
2014-08-05,5
2014-08-06,5
2014-08-07,5
2014-08-08,10
2014-08-11,7
2014-08-12,8
2014-08-13,13
2014-08-14,16
2014-08-15,14
2014-08-18,26
2014-08-19,31
2014-08-20,37
2014-08-21,36
2014-08-22,37
2014-08-25,35
2014-08-26,36
2014-08-27,33
2014-08-28,33
2014-08-29,41
2014-09-02,48
2014-09-03,48
2014-09-04,47
2014-09-05,50
2014-09-08,47
2014-09-09,42
2014-09-10,45
2014-09-11,44
2014-09-12,43
2014-09-15,38
2014-09-16,37
2014-09-17,42
2014-09-18,37
2014-09-19,36
2014-09-22,22
2014-09-23,18
2014-09-24,17
2014-09-25,8
2014-09-26,13
2014-09-29,11
2014-09-30,12
2014-10-01,7
2014-10-02,3
2014-10-03,5
2014-10-06,5
2014-10-07,6
2014-10-08,4
2014-10-09,3
2014-10-10,1
2014-10-13,0
2014-10-14,2
2014-10-15,1
2014-10-16,2
2014-10-17,7
2014-10-20,5
2014-10-21,7
2014-10-22,8
2014-10-23,11
2014-10-24,13
2014-10-27,16
2014-10-28,21
2014-10-29,25
2014-10-30,31
2014-10-31,32
2014-11-03,40
2014-11-04,40
2014-11-05,49
2014-11-06,49
2014-11-07,55
2014-11-10,57
2014-11-11,58
2014-11-12,56
2014-11-13,54
2014-11-14,53
2014-11-17,53
2014-11-18,54
2014-11-19,55
2014-11-20,59
2014-11-21,59
2014-11-24,62
2014-11-25,62
2014-11-26,63
2014-11-28,59
2014-12-01,55
2014-12-02,55
2014-12-03,59
2014-12-04,59
2014-12-05,61
2014-12-08,55
2014-12-09,46
2014-12-10,41
2014-12-11,37
2014-12-12,31
2014-12-15,22
2014-12-16,19
2014-12-17,21
2014-12-18,33
2014-12-19,33
2014-12-22,43
2014-12-23,45
2014-12-24,47
2014-12-26,48
2014-12-29,47
2014-12-30,47
2014-12-31,45
2015-01-02,37
2015-01-05,30
2015-01-06,21
2015-01-07,21
2015-01-08,28
2015-01-09,29
2015-01-12,30
2015-01-13,29
2015-01-14,30
2015-01-15,30
2015-01-16,26
2015-01-20,25
2015-01-21,28
2015-01-22,32
2015-01-23,31
2015-01-26,28
2015-01-27,28
2015-01-28,26
2015-01-29,26
2015-01-30,25
2015-02-02,30
2015-02-03,46
2015-02-04,42
2015-02-05,50
2015-02-06,52
2015-02-09,52
2015-02-10,54
2015-02-11,61
2015-02-12,64
2015-02-13,73
2015-02-17,77
2015-02-18,79
2015-02-19,77
2015-02-20,80
2015-02-23,77
2015-02-24,75
2015-02-25,77
2015-02-26,78
2015-02-27,74
2015-03-02,74
2015-03-03,66
2015-03-04,66
2015-03-05,65
2015-03-06,58
2015-03-09,58
2015-03-10,52
2015-03-11,44
2015-03-12,46
2015-03-13,39
2015-03-16,42
2015-03-17,40
2015-03-18,39
2015-03-19,43
2015-03-20,43
2015-03-23,48
2015-03-24,44
2015-03-25,44
2015-03-26,37
2015-03-27,36
2015-03-30,37
2015-03-31,37
2015-04-01,35
2015-04-02,40
2015-04-06,43
2015-04-07,48
2015-04-08,48
2015-04-09,56
2015-04-10,56
2015-04-13,60
2015-04-14,60
2015-04-15,60
2015-04-16,57
2015-04-17,57
2015-04-20,55
2015-04-21,59
2015-04-22,59
2015-04-23,64
2015-04-24,66
2015-04-27,59
2015-04-28,61
2015-04-29,61
2015-04-30,53
2015-05-01,61
2015-05-04,61
2015-05-05,58
2015-05-06,58
2015-05-07,53
2015-05-08,58
2015-05-11,53
2015-05-12,49
2015-05-13,55
2015-05-14,57
2015-05-15,57
2015-05-18,62
2015-05-19,62
2015-05-20,64
2015-05-21,64
2015-05-22,60
2015-05-26,50
2015-05-27,47
2015-05-28,47
2015-05-29,43
2015-06-01,40
2015-06-02,43
2015-06-03,45
2015-06-04,44
2015-06-05,40
2015-06-08,36
2015-06-09,36
2015-06-10,37
2015-06-11,41
2015-06-12,30
2015-06-15,26
2015-06-16,27
2015-06-17,26
2015-06-18,34
2015-06-19,30
2015-06-22,42
2015-06-23,49
2015-06-24,36
2015-06-25,34
2015-06-26,33
2015-06-29,8
2015-06-30,11
2015-07-01,18
2015-07-02,16
2015-07-06,13
2015-07-07,13
2015-07-08,9
2015-07-09,12
2015-07-10,14
2015-07-13,24
2015-07-14,24
2015-07-15,30
2015-07-16,30
2015-07-17,34
2015-07-20,34
2015-07-21,25
2015-07-22,20
2015-07-23,15
2015-07-24,15
2015-07-27,7
2015-07-28,17
2015-07-29,21
2015-07-30,21
2015-07-31,20
2015-08-03,24
2015-08-04,28
2015-08-05,21
2015-08-06,18
2015-08-07,10
2015-08-10,9
2015-08-11,12
2015-08-12,9
2015-08-13,11
2015-08-14,11
2015-08-17,14
2015-08-18,13
2015-08-19,13
2015-08-20,8
2015-08-21,8
2015-08-24,3
2015-08-25,9
2015-08-26,12
2015-08-27,13
2015-08-28,14
2015-08-31,14
2015-09-01,9
2015-09-02,13
2015-09-03,11
2015-09-04,10
2015-09-08,13
2015-09-09,13
2015-09-10,15
2015-09-11,14
2015-09-14,13
2015-09-15,16
2015-09-16,16
2015-09-17,16
2015-09-18,18
2015-09-21,23
2015-09-22,31
2015-09-23,31
2015-09-24,22
2015-09-25,18
2015-09-28,15
2015-09-29,13
2015-09-30,21
2015-10-01,18
2015-10-02,24
2015-10-05,31
2015-10-06,36
2015-10-07,37
2015-10-08,42
2015-10-09,43
2015-10-12,41
2015-10-13,35
2015-10-14,35
2015-10-15,41
2015-10-16,45
2015-10-19,47
2015-10-20,51
2015-10-21,50
2015-10-22,55
2015-10-23,59
2015-10-26,61
2015-10-27,69
2015-10-28,69
2015-10-29,71
2015-10-30,70
2015-11-02,73
2015-11-03,73
2015-11-04,72
2015-11-05,73
2015-11-06,71
2015-11-09,67
2015-11-10,66
2015-11-11,63
2015-11-12,55
2015-11-13,45
2015-11-16,50
2015-11-17,48
2015-11-18,53
2015-11-19,52
2015-11-20,54
2015-11-23,53
2015-11-24,58
2015-11-25,59
2015-11-27,58
2015-11-30,58
2015-12-01,60
2015-12-02,55
2015-12-03,49
2015-12-04,58
2015-12-07,47
2015-12-08,38
2015-12-09,35
2015-12-10,36
2015-12-11,24
2015-12-14,29
2015-12-15,35
2015-12-16,44
2015-12-17,34
2015-12-18,29
2015-12-21,32
2015-12-22,36
2015-12-23,42
2015-12-24,42
2015-12-28,44
2015-12-29,51
2015-12-30,47
2015-12-31,45
2016-01-04,40
2016-01-05,41
2016-01-06,34
2016-01-07,25
2016-01-08,17
2016-01-11,18
2016-01-12,17
2016-01-13,14
2016-01-14,18
2016-01-15,10
2016-01-19,11
2016-01-20,9
2016-01-21,13
2016-01-22,14
2016-01-25,15
2016-01-26,18
2016-01-27,19
2016-01-28,21
2016-01-29,27
2016-02-01,27
2016-02-02,23
2016-02-03,25
2016-02-04,25
2016-02-05,17
2016-02-08,14
2016-02-09,20
2016-02-10,16
2016-02-11,18
2016-02-12,24
2016-02-16,34
2016-02-17,45
2016-02-18,47
2016-02-19,50
2016-02-22,51
2016-02-23,51
2016-02-24,49
2016-02-25,54
2016-02-26,57
2016-02-29,53
2016-03-01,64
2016-03-02,66
2016-03-03,69
2016-03-04,71
2016-03-07,73
2016-03-08,70
2016-03-09,71
2016-03-10,71
2016-03-11,75
2016-03-14,73
2016-03-15,73
2016-03-16,75
2016-03-17,78
2016-03-18,79
2016-03-21,78
2016-03-22,78
2016-03-23,70
2016-03-24,66
2016-03-28,64
2016-03-29,68
2016-03-30,71
2016-03-31,73
2016-04-01,78
2016-04-04,74
2016-04-05,67
2016-04-06,77
2016-04-07,66
2016-04-08,68
2016-04-11,64
2016-04-12,68
2016-04-13,71
2016-04-14,72
2016-04-15,70
2016-04-18,75
2016-04-19,75
2016-04-20,76
2016-04-21,74
2016-04-22,74
2016-04-25,70
2016-04-26,72
2016-04-27,72
2016-04-28,69
2016-04-29,63
2016-05-02,71
2016-05-03,63
2016-05-04,57
2016-05-05,58
2016-05-06,61
2016-05-09,60
2016-05-10,67
2016-05-11,60
2016-05-12,61
2016-05-13,54
2016-05-16,62
2016-05-17,53
2016-05-18,55
2016-05-19,51
2016-05-20,56
2016-05-23,54
2016-05-24,65
2016-05-25,73
2016-05-26,74
2016-05-27,78
2016-05-31,75
2016-06-01,78
2016-06-02,79
2016-06-03,75
2016-06-06,80
2016-06-07,81
2016-06-08,80
2016-06-09,79
2016-06-10,61
2016-06-13,53
2016-06-14,50
2016-06-15,50
2016-06-16,51
2016-06-17,53
2016-06-20,62
2016-06-21,67
2016-06-22,57
2016-06-23,77
2016-06-24,42
2016-06-27,37
2016-06-28,47
2016-06-29,60
2016-06-30,64
2016-07-01,71
2016-07-05,67
2016-07-06,70
2016-07-07,69
2016-07-08,78
2016-07-11,83
2016-07-12,88
2016-07-13,86
2016-07-14,90
2016-07-15,89
2016-07-18,91
2016-07-19,87
2016-07-20,90
2016-07-21,85
2016-07-22,86
2016-07-25,85
2016-07-26,85
2016-07-27,82
2016-07-28,82
2016-07-29,79
2016-08-01,77
2016-08-02,77
2016-08-03,81
2016-08-04,80
2016-08-05,86
2016-08-08,84
2016-08-09,80
2016-08-10,74
2016-08-11,80
2016-08-12,75
2016-08-15,81
2016-08-16,77
2016-08-17,76
2016-08-18,78
2016-08-19,77
2016-08-22,72
2016-08-23,76
2016-08-24,69
2016-08-25,66
2016-08-26,63
2016-08-29,64
2016-08-30,64
2016-08-31,61
2016-09-01,62
2016-09-02,65
2016-09-06,65
2016-09-07,65
2016-09-08,70
2016-09-09,43
2016-09-12,58
2016-09-13,35
2016-09-14,33
2016-09-15,43
2016-09-16,43
2016-09-19,44
2016-09-20,45
2016-09-21,56
2016-09-22,60
2016-09-23,54
2016-09-26,41
2016-09-27,45
2016-09-28,51
2016-09-29,37
2016-09-30,49
2016-10-03,45
2016-10-04,43
2016-10-05,51
2016-10-06,53
2016-10-07,51
2016-10-10,57
2016-10-11,43
2016-10-12,45
2016-10-13,34
2016-10-14,41
2016-10-17,33
2016-10-18,40
2016-10-19,39
2016-10-20,38
2016-10-21,43
2016-10-24,53
2016-10-25,48
2016-10-26,43
2016-10-27,46
2016-10-28,32
2016-10-31,30
2016-11-01,21
2016-11-02,17
2016-11-03,14
2016-11-04,14
2016-11-07,33
2016-11-08,33
2016-11-09,43
2016-11-10,45
2016-11-11,48
2016-11-14,53
2016-11-15,63
2016-11-16,60
2016-11-17,63
2016-11-18,61
2016-11-21,67
2016-11-22,67
2016-11-23,70
2016-11-25,72
2016-11-28,70
2016-11-29,71
2016-11-30,73
2016-12-01,71
2016-12-02,71
2016-12-05,75
2016-12-06,77
2016-12-07,83
2016-12-08,85
2016-12-09,87
2016-12-12,87
2016-12-13,88
2016-12-14,86
2016-12-15,86
2016-12-16,84
2016-12-19,82
2016-12-20,79
2016-12-21,74
2016-12-22,71
2016-12-23,66
2016-12-27,70
2016-12-28,64
2016-12-29,64
2016-12-30,58
2017-01-03,71
2017-01-04,71
2017-01-05,68
2017-01-06,70
2017-01-09,66
2017-01-10,62
2017-01-11,61
2017-01-12,55
2017-01-13,57
2017-01-17,57
2017-01-18,56
2017-01-19,53
2017-01-20,54
2017-01-23,49
2017-01-24,54
2017-01-25,62
2017-01-26,57
2017-01-27,59
2017-01-30,53
2017-01-31,54
2017-02-01,53
2017-02-02,51
2017-02-03,60
2017-02-06,56
2017-02-07,56
2017-02-08,61
2017-02-09,69
2017-02-10,69
2017-02-13,74
2017-02-14,79
2017-02-15,80
2017-02-16,78
2017-02-17,77
2017-02-21,83
2017-02-22,80
2017-02-23,75
2017-02-24,68
2017-02-27,71
2017-02-28,64
2017-03-01,81
2017-03-02,75
2017-03-03,74
2017-03-06,69
2017-03-07,70
2017-03-08,62
2017-03-09,62
2017-03-10,66
2017-03-13,64
2017-03-14,51
2017-03-15,53
2017-03-16,51
2017-03-17,45
2017-03-20,42
2017-03-21,36
2017-03-22,32
2017-03-23,30
2017-03-24,30
2017-03-27,29
2017-03-28,34
2017-03-29,34
2017-03-30,43
2017-03-31,47
2017-04-03,46
2017-04-04,46
2017-04-05,43
2017-04-06,43
2017-04-07,40
2017-04-10,37
2017-04-11,31
2017-04-12,28
2017-04-13,25
2017-04-17,30
2017-04-18,30
2017-04-19,30
2017-04-20,34
2017-04-21,35
2017-04-24,39
2017-04-25,46
2017-04-26,48
2017-04-27,50
2017-04-28,50
2017-05-01,49
2017-05-02,51
2017-05-03,47
2017-05-04,45
2017-05-05,47
2017-05-08,49
2017-05-09,50
2017-05-10,61
2017-05-11,63
2017-05-12,62
2017-05-15,64
2017-05-16,66
2017-05-17,45
2017-05-18,43
2017-05-19,49
2017-05-22,50
2017-05-23,45
2017-05-24,54
2017-05-25,57
2017-05-26,58
2017-05-30,53
2017-05-31,50
2017-06-01,58
2017-06-02,57
2017-06-05,58
2017-06-06,55
2017-06-07,55
2017-06-08,55
2017-06-09,54
2017-06-12,55
2017-06-13,55
2017-06-14,52
2017-06-15,52
2017-06-16,50
2017-06-19,57
2017-06-20,48
2017-06-21,42
2017-06-22,50
2017-06-23,52
2017-06-26,53
2017-06-27,48
2017-06-28,60
2017-06-29,47
2017-06-30,49
2017-07-03,54
2017-07-05,57
2017-07-06,44
2017-07-07,49
2017-07-10,46
2017-07-11,41
2017-07-12,47
2017-07-13,54
2017-07-14,64
2017-07-17,67
2017-07-18,62
2017-07-19,74
2017-07-20,76
2017-07-21,73
2017-07-24,72
2017-07-25,81
2017-07-26,78
2017-07-27,73
2017-07-28,70
2017-07-31,70
2017-08-01,65
2017-08-02,67
2017-08-03,59
2017-08-04,64
2017-08-07,63
2017-08-08,61
2017-08-09,54
2017-08-10,31
2017-08-11,28
2017-08-14,39
2017-08-15,36
2017-08-16,34
2017-08-17,19
2017-08-18,17
2017-08-21,15
2017-08-22,23
2017-08-23,19
2017-08-24,22
2017-08-25,27
2017-08-28,29
2017-08-29,28
2017-08-30,35
2017-08-31,43
2017-09-01,50
2017-09-05,35
2017-09-06,41
2017-09-07,38
2017-09-08,38
2017-09-11,53
2017-09-12,63
2017-09-13,68
2017-09-14,68
2017-09-15,77
2017-09-18,80
2017-09-19,81
2017-09-20,79
2017-09-21,73
2017-09-22,70
2017-09-25,65
2017-09-26,67
2017-09-27,78
2017-09-28,79
2017-09-29,85
2017-10-02,89
2017-10-03,92
2017-10-04,91
2017-10-05,95
2017-10-06,92
2017-10-09,84
2017-10-10,85
2017-10-11,83
2017-10-12,77
2017-10-13,73
2017-10-16,78
2017-10-17,78
2017-10-18,82
2017-10-19,83
2017-10-20,90
2017-10-23,85
2017-10-24,87
2017-10-25,75
2017-10-26,71
2017-10-27,73
2017-10-30,74
2017-10-31,65
2017-11-01,72
2017-11-02,69
2017-11-03,66
2017-11-06,68
2017-11-07,58
2017-11-08,54
2017-11-09,54
2017-11-10,54
2017-11-13,53
2017-11-14,49
2017-11-15,36
2017-11-16,50
2017-11-17,44
2017-11-20,50
2017-11-21,54
2017-11-22,54
2017-11-24,59
2017-11-27,51
2017-11-28,64
2017-11-29,67
2017-11-30,73
2017-12-01,70
2017-12-04,64
2017-12-05,63
2017-12-06,60
2017-12-07,60
2017-12-08,64
2017-12-11,62
2017-12-12,66
2017-12-13,67
2017-12-14,66
2017-12-15,68
2017-12-18,74
2017-12-19,73
2017-12-20,72
2017-12-21,68
2017-12-22,66
2017-12-26,64
2017-12-27,61
2017-12-28,62
2017-12-29,53
2018-01-02,63
2018-01-03,67
2018-01-04,72
2018-01-05,75
2018-01-08,75
2018-01-09,76
2018-01-10,75
2018-01-11,77
2018-01-12,79
2018-01-16,75
2018-01-17,75
2018-01-18,72
2018-01-19,80
2018-01-22,79
2018-01-23,78
2018-01-24,78
2018-01-25,77
2018-01-26,79
2018-01-29,68
2018-01-30,62
2018-01-31,61
2018-02-01,58
2018-02-02,40
2018-02-05,17
2018-02-06,18
2018-02-07,16
2018-02-08,8
2018-02-09,10
2018-02-12,12
2018-02-13,13
2018-02-14,11
2018-02-15,15
2018-02-16,18
2018-02-20,17
2018-02-21,18
2018-02-22,15
2018-02-23,18
2018-02-26,20
2018-02-27,17
2018-02-28,12
2018-03-01,8
2018-03-02,10
2018-03-05,14
2018-03-06,26
2018-03-07,20
2018-03-08,20
2018-03-09,44
2018-03-12,40
2018-03-13,36
2018-03-14,30
2018-03-15,21
2018-03-16,19
2018-03-19,14
2018-03-20,15
2018-03-21,16
2018-03-22,9
2018-03-23,7
2018-03-26,8
2018-03-27,7
2018-03-28,6
2018-03-29,8
2018-04-02,7
2018-04-03,9
2018-04-04,11
2018-04-05,13
2018-04-06,9
2018-04-09,12
2018-04-10,17
2018-04-11,17
2018-04-12,22
2018-04-13,23
2018-04-16,25
2018-04-17,28
2018-04-18,32
2018-04-19,32
2018-04-20,38
2018-04-23,40
2018-04-24,33
2018-04-25,38
2018-04-26,42
2018-04-27,40
2018-04-30,42
2018-05-01,42
2018-05-02,38
2018-05-03,32
2018-05-04,40
2018-05-07,44
2018-05-08,41
2018-05-09,49
2018-05-10,54
2018-05-11,55
2018-05-14,54
2018-05-15,52
2018-05-16,55
2018-05-17,55
2018-05-18,52
2018-05-21,56
2018-05-22,59
2018-05-23,54
2018-05-24,48
2018-05-25,44
2018-05-29,34
2018-05-30,42
2018-05-31,43
2018-06-01,52
2018-06-04,55
2018-06-05,58
2018-06-06,65
2018-06-07,62
2018-06-08,63
2018-06-11,65
2018-06-12,65
2018-06-13,63
2018-06-14,63
2018-06-15,61
2018-06-18,61
2018-06-19,53
2018-06-20,57
2018-06-21,52
2018-06-22,53
2018-06-25,42
2018-06-26,47
2018-06-27,36
2018-06-28,39
2018-06-29,34
2018-07-02,35
2018-07-03,32
2018-07-05,33
2018-07-06,40
2018-07-09,47
2018-07-10,49
2018-07-11,41
2018-07-12,49
2018-07-13,47
2018-07-16,45
2018-07-17,49
2018-07-18,56
2018-07-19,50
2018-07-20,53
2018-07-23,58
2018-07-24,64
2018-07-25,70
2018-07-26,72
2018-07-27,67
2018-07-30,64
2018-07-31,66
2018-08-01,66
2018-08-02,68
2018-08-03,71
2018-08-06,72
2018-08-07,73
2018-08-08,74
2018-08-09,70
2018-08-10,60
2018-08-13,56
2018-08-14,58
2018-08-15,46
2018-08-16,51
2018-08-17,54
2018-08-20,55
2018-08-21,61
2018-08-22,61
2018-08-23,59
2018-08-24,68
2018-08-27,77
2018-08-28,74
2018-08-29,78
2018-08-30,73
2018-08-31,71
2018-09-04,67
2018-09-05,62
2018-09-06,53
2018-09-07,52
2018-09-10,56
2018-09-11,59
2018-09-12,59
2018-09-13,72
2018-09-14,73
2018-09-17,67
2018-09-18,73
2018-09-19,71
2018-09-20,74
2018-09-21,75
2018-09-24,70
2018-09-25,64
2018-09-26,53
2018-09-27,48
2018-09-28,47
2018-10-01,49
2018-10-02,45
2018-10-03,51
2018-10-04,43
2018-10-05,33
2018-10-08,28
2018-10-09,23
2018-10-10,8
2018-10-11,5
2018-10-12,11
2018-10-15,11
2018-10-16,13
2018-10-17,14
2018-10-18,12
2018-10-19,14
2018-10-22,16
2018-10-23,12
2018-10-24,6
2018-10-25,9
2018-10-26,7
2018-10-29,7
2018-10-30,10
2018-10-31,7
2018-11-01,6
2018-11-02,8
2018-11-05,9
2018-11-06,12
2018-11-07,25
2018-11-08,29
2018-11-09,18
2018-11-12,11
2018-11-13,10
2018-11-14,7
2018-11-15,10
2018-11-16,10
2018-11-19,8
2018-11-20,7
2018-11-21,13
2018-11-23,9
2018-11-26,17
2018-11-27,19
2018-11-28,23
2018-11-29,23
2018-11-30,22
2018-12-03,32
2018-12-04,20
2018-12-06,15
2018-12-07,11
2018-12-10,9
2018-12-11,8
2018-12-12,10
2018-12-13,11
2018-12-14,8
2018-12-17,10
2018-12-18,8
2018-12-19,8
2018-12-20,5
2018-12-21,3
2018-12-24,2
2018-12-26,4
2018-12-27,8
2018-12-28,12
2018-12-31,12
2019-01-02,12
2019-01-03,10
2019-01-04,16
2019-01-07,19
2019-01-08,24
2019-01-09,27
2019-01-10,31
2019-01-11,30
2019-01-14,28
2019-01-15,31
2019-01-16,38
2019-01-17,44
2019-01-18,51
2019-01-22,51
2019-01-23,55
2019-01-24,58
2019-01-25,58
2019-01-28,55
2019-01-29,55
2019-01-30,58
2019-01-31,60
2019-02-01,61
2019-02-04,64
2019-02-05,64
2019-02-06,65
2019-02-07,62
2019-02-08,61
2019-02-11,62
2019-02-12,67
2019-02-13,67
2019-02-14,65
2019-02-15,70
2019-02-19,68
2019-02-20,70
2019-02-21,68
2019-02-22,69
2019-02-25,70
2019-02-26,70
2019-02-27,72
2019-02-28,72
2019-03-01,72
2019-03-04,66
2019-03-05,66
2019-03-06,63
2019-03-07,59
2019-03-08,55
2019-03-11,59
2019-03-12,58
2019-03-13,60
2019-03-14,60
2019-03-15,65
2019-03-18,65
2019-03-19,67
2019-03-20,62
2019-03-21,68
2019-03-22,59
2019-03-25,56
2019-03-26,54
2019-03-27,51
2019-03-28,48
2019-03-29,49
2019-04-01,54
2019-04-02,56
2019-04-03,62
2019-04-04,70
2019-04-05,74
2019-04-08,74
2019-04-09,70
2019-04-10,69
2019-04-11,68
2019-04-12,74
2019-04-15,68
2019-04-16,70
2019-04-17,71
2019-04-18,70
2019-04-22,71
2019-04-23,75
2019-04-24,70
2019-04-25,71
2019-04-26,72
2019-04-29,71
2019-04-30,66
2019-05-01,62
2019-05-02,59
2019-05-03,60
2019-05-06,55
2019-05-07,40
2019-05-08,42
2019-05-09,40
2019-05-10,44
2019-05-13,32
2019-05-14,35
2019-05-15,35
2019-05-16,39
2019-05-17,36
2019-05-20,34
2019-05-21,34
2019-05-22,32
2019-05-23,28
2019-05-24,27
2019-05-28,25
2019-05-29,23
2019-05-30,24
2019-05-31,24
2019-06-03,23
2019-06-04,26
2019-06-05,29
2019-06-06,29
2019-06-07,32
2019-06-10,37
2019-06-11,36
2019-06-12,34
2019-06-13,39
2019-06-14,38
2019-06-17,37
2019-06-18,44
2019-06-19,42
2019-06-20,45
2019-06-21,50
2019-06-24,50
2019-06-25,44
2019-06-26,48
2019-06-27,47
2019-06-28,50
2019-07-01,55
2019-07-02,56
2019-07-03,63
2019-07-05,61
2019-07-08,59
2019-07-09,56
2019-07-10,58
2019-07-11,62
2019-07-12,64
2019-07-15,57
2019-07-16,55
2019-07-17,47
2019-07-18,47
2019-07-19,44
2019-07-22,44
2019-07-23,50
2019-07-24,57
2019-07-25,55
2019-07-26,60
2019-07-29,58
2019-07-30,53
2019-07-31,48
2019-08-01,43
2019-08-02,36
2019-08-05,22
2019-08-06,27
2019-08-07,25
2019-08-08,25
2019-08-09,25
2019-08-12,23
2019-08-13,27
2019-08-14,21
2019-08-15,19
2019-08-16,20
2019-08-19,26
2019-08-20,23
2019-08-21,25
2019-08-22,25
2019-08-23,18
2019-08-26,19
2019-08-27,16
2019-08-28,18
2019-08-29,26
2019-08-30,23
2019-09-03,25
2019-09-04,28
2019-09-05,39
2019-09-06,35
2019-09-09,45
2019-09-10,55
2019-09-11,57
2019-09-12,65
2019-09-13,68
2019-09-16,67
2019-09-17,66
2019-09-18,66
2019-09-19,63
2019-09-20,58
2019-09-23,59
2019-09-24,54
2019-09-25,59
2019-09-26,57
2019-09-27,52
2019-09-30,54
2019-10-01,48
2019-10-02,34
2019-10-03,29
2019-10-04,32
2019-10-07,30
2019-10-08,29
2019-10-09,30
2019-10-10,36
2019-10-11,42
2019-10-14,42
2019-10-15,42
2019-10-16,47
2019-10-17,50
2019-10-18,50
2019-10-21,56
2019-10-22,59
2019-10-23,55
2019-10-24,57
2019-10-25,62
2019-10-28,67
2019-10-29,71
2019-10-30,75
2019-10-31,72
2019-11-01,80
2019-11-04,86
2019-11-05,89
2019-11-06,88
2019-11-07,91
2019-11-08,91
2019-11-11,89
2019-11-12,88
2019-11-13,87
2019-11-14,83
2019-11-15,87
2019-11-18,83
2019-11-19,80
2019-11-20,74
2019-11-21,70
2019-11-22,69
2019-11-25,70
2019-11-26,69
2019-11-27,78
2019-11-29,78
2019-12-02,74
2019-12-03,63
2019-12-04,67
2019-12-05,67
2019-12-06,70
2019-12-09,68
2019-12-10,65
2019-12-11,61
2019-12-12,74
2019-12-13,75
2019-12-16,82
2019-12-17,85
2019-12-18,87
2019-12-19,90
2019-12-20,91
2019-12-23,92
2019-12-24,91
2019-12-26,93
2019-12-27,91
2019-12-30,90
2019-12-31,93
2020-01-02,97
2020-01-03,93
2020-01-06,93
2020-01-07,89
2020-01-08,92
2020-01-09,93
2020-01-10,91
2020-01-13,90
2020-01-14,90
2020-01-15,86
2020-01-16,89
2020-01-17,89
2020-01-21,81
2020-01-22,74
2020-01-23,68
2020-01-24,62
2020-01-27,47
2020-01-28,53
2020-01-29,52
2020-01-30,56
2020-01-31,44
2020-02-03,46
2020-02-04,55
2020-02-05,60
2020-02-06,63
2020-02-07,57
2020-02-10,57
2020-02-11,56
2020-02-12,60
2020-02-13,58
2020-02-14,55
2020-02-18,51
2020-02-19,53
2020-02-20,49
2020-02-21,44
2020-02-24,29
2020-02-25,22
2020-02-26,21
2020-02-27,13
2020-02-28,10
2020-03-02,12
2020-03-03,10
2020-03-04,15
2020-03-05,9
2020-03-06,6
2020-03-09,3
2020-03-10,6
2020-03-11,4
2020-03-12,2
2020-03-13,5
2020-03-16,3
2020-03-17,5
2020-03-18,5
2020-03-19,7
2020-03-20,8
2020-03-23,5
2020-03-24,13
2020-03-25,17
2020-03-26,22
2020-03-27,23
2020-03-30,25
2020-03-31,25
2020-04-01,22
2020-04-02,22
2020-04-03,22
2020-04-06,32
2020-04-07,26
2020-04-08,33
2020-04-09,43
2020-04-13,36
2020-04-14,45
2020-04-15,41
2020-04-16,42
2020-04-17,44
2020-04-20,41
2020-04-21,40
2020-04-22,41
2020-04-23,40
2020-04-24,39
2020-04-27,43
2020-04-28,41
2020-04-29,46
2020-04-30,47
2020-05-01,42
2020-05-04,44
2020-05-05,44
2020-05-06,40
2020-05-07,41
2020-05-08,45
2020-05-11,44
2020-05-12,38
2020-05-13,38
2020-05-14,39
2020-05-15,39
2020-05-18,49
2020-05-19,47
2020-05-20,53
2020-05-21,52
2020-05-22,50
2020-05-26,51
2020-05-27,54
2020-05-28,50
2020-05-29,52
2020-06-01,58
2020-06-02,58
2020-06-03,61
2020-06-04,62
2020-06-05,66
2020-07-09,53
2020-07-10,59
2020-07-13,53
2020-07-14,62
2020-07-15,63
2020-07-16,62
2020-07-17,63
2020-07-20,66
2020-07-21,65
2020-07-22,65
2020-07-23,68
2020-07-24,63
2020-07-27,66
2020-07-28,62
2020-07-29,65
2020-07-30,61
2020-07-31,65
2020-08-03,67
2020-08-04,68
2020-08-05,70
2020-08-06,74
2020-08-07,72
2020-08-10,75
2020-08-11,71
2020-08-12,74
2020-08-13,72
2020-08-14,72
2020-08-17,71
2020-08-18,70
2020-08-19,68
2020-08-20,70
2020-08-21,70
2020-08-24,73
2020-08-25,74
2020-08-26,75
2020-08-27,76
2020-08-28,78
2020-08-31,74
2020-09-01,77
2020-09-02,78
2020-09-03,58
2020-09-04,59
2020-09-08,54
2020-09-09,66
2020-09-10,59
2020-09-11,58
2020-09-14,59
2020-09-15,59
2020-09-16,56
2020-09-17,53
2020-09-18,52
2020-09-21,51
2020-09-22,52
2020-09-23,46
2020-09-24,48
2020-09-25,49
2020-09-28,50
2020-09-29,44
2020-09-30,45
2020-10-01,41
2020-10-02,40
2020-10-05,45
2020-10-06,44
2020-10-07,51
2020-10-08,53
2020-10-09,55
2020-10-12,60
2020-10-13,56
2020-10-14,55
2020-10-15,59
2020-10-16,62
2020-10-19,59
2020-10-20,58
2020-10-21,63
2020-10-22,69
2020-10-23,67
2020-10-26,44
2020-10-27,47
2020-10-28,33
2020-10-29,33
2020-10-30,29
2020-11-02,25
2020-11-03,32
2020-11-04,36
2020-11-05,41
2020-11-06,40
2020-11-09,54
2020-11-10,58
2020-11-11,66
2020-11-12,55
2020-11-13,59
2020-11-16,71
2020-11-17,67
2020-11-18,63
2020-11-19,64
2020-11-20,62
2020-11-23,75
2020-11-24,88
2020-11-25,91
2020-11-27,92
2020-11-30,88
2020-12-01,85
2020-12-02,87
2020-12-03,85
2020-12-04,89
2020-12-07,88
2020-12-08,82
2020-12-09,80
2020-12-10,77
2020-12-11,76
2020-12-14,69
2020-12-15,69
2020-12-16,69
2020-12-17,71
2020-12-18,63
2020-12-21,63
2020-12-22,59
2020-12-23,57
2020-12-24,54
2020-12-28,54
2020-12-29,52
2020-12-30,50
2020-12-31,51
2021-01-04,52
2021-01-05,53
2021-01-06,59
2021-01-07,66
2021-01-08,71
2021-01-11,65
2021-01-12,69
2021-01-13,70
2021-01-14,67
2021-01-15,60
2021-01-19,61
2021-01-20,69
2021-01-21,63
2021-01-22,69
2021-01-25,66
2021-01-26,62
2021-01-27,40
2021-01-28,45
2021-01-29,38
2021-02-01,43.400000000000006
2021-02-02,60.46666666666667
2021-02-03,59.199999999999996
2021-02-04,61.06666666666667
2021-02-05,68
2021-02-08,72.86666666666667
2021-02-09,75.4
2021-02-10,75.26666666666667
2021-02-11,76
2021-02-12,77.66666666666667
2021-02-16,73.93333333333334
2021-02-17,70.2
2021-02-18,62.53333333333334
2021-02-19,56.239999999999995
2021-02-22,52.48
2021-02-23,50.56
2021-02-24,63.8
2021-02-25,46.160000000000004
2021-02-26,53.52
2021-03-01,58.52
2021-03-02,50.32000000000001
2021-03-03,43.84
2021-03-04,37.8
2021-03-05,41.52
2021-03-08,39.08
2021-03-09,43.36
2021-03-10,45.56
2021-03-11,50.480000000000004
2021-03-12,53.720000000000006
2021-03-15,56.52
2021-03-16,54.8
2021-03-17,57.86666666666667
2021-03-18,52.333333333333336
2021-03-19,50.833333333333336
2021-03-22,50.699999999999996
2021-03-23,41.800000000000004
2021-03-24,37.66666666666667
2021-03-25,37.833333333333336
2021-03-26,37.56666666666667
2021-03-29,39.56666666666667
2021-03-30,42.03333333333334
2021-03-31,44.56666666666667
2021-04-01,46.400000000000006
2021-04-05,54.56666666666667
2021-04-06,53.5
2021-04-07,52.53333333333333
2021-04-08,48.099999999999994
2021-04-09,47.5
2021-04-12,43.43333333333334
2021-04-13,43.63333333333333
2021-04-14,39.96666666666667
2021-04-15,47.16666666666668
2021-04-16,51.300000000000004
2021-04-19,45.26666666666667
2021-04-20,42.866666666666674
2021-04-21,49.63333333333333
2021-04-22,46.70000000000001
2021-04-23,47.699999999999996
2021-04-26,50.53333333333334
2021-04-27,54.800000000000004
2021-04-28,52.400000000000006
2021-04-29,56.166666666666664
2021-04-30,46.53333333333333
2021-05-03,47.56666666666667
2021-05-04,43.46666666666667
2021-05-05,43.03333333333333
2021-05-06,43.93333333333334
2021-05-07,48.166666666666664
2021-05-10,44.93333333333334
2021-05-11,42.03333333333334
2021-05-12,26.766666666666666
2021-05-13,34.433333333333344
2021-05-14,35.99999999999999
2021-05-17,36.36666666666667
2021-05-18,34.03333333333334
2021-05-19,32.333333333333336
2021-05-20,32.300000000000004
2021-05-21,29.433333333333334
2021-05-24,29.5
2021-05-25,26.66666666666667
2021-05-26,28.133333333333336
2021-05-27,30.3
2021-05-28,31.566666666666666
2021-06-01,35.4
2021-06-02,42.13333333333333
2021-06-03,40.800000000000004
2021-06-04,41.9
2021-06-07,44.46666666666667
2021-06-08,46.46666666666667
2021-06-09,48.53333333333333
2021-06-10,48.9
2021-06-11,51.23333333333334
2021-06-14,54.166666666666664
2021-06-15,52.666666666666664
2021-06-16,44.800000000000004
2021-06-17,42.03333333333334
2021-06-18,31.600000000000005
2021-06-21,32.46666666666666
2021-06-22,32.800000000000004
2021-06-23,33.26666666666667
2021-06-24,36.9
2021-06-25,41.63333333333333
2021-06-28,41.43333333333334
2021-06-29,39.833333333333336
2021-06-30,38.00000000000001
2021-07-01,38.666666666666664
2021-07-02,38.66666666666667
2021-07-06,33.300000000000004
2021-07-07,33.1
2021-07-08,26.96666666666667
2021-07-09,31.000000000000004
2021-07-12,31.7
2021-07-13,31.266666666666666
2021-07-14,29.533333333333335
2021-07-15,27.33333333333334
2021-07-16,26.900000000000002
2021-07-19,8.983333333333334
2021-07-20,20.066666666666666
2021-07-21,24.2
2021-07-22,24.333333333333332
2021-07-23,28.299999999999997
2021-07-26,30.900000000000002
2021-07-27,27.166666666666668
2021-07-28,27.46666666666667
2021-07-29,29.233333333333334
2021-07-30,25.76666666666667
2021-08-02,25.099999999999998
2021-08-03,29.533333333333335
2021-08-04,28.633333333333336
2021-08-05,29.633333333333336
2021-08-06,31.866666666666664
2021-08-09,32.06666666666667
2021-08-10,34.833333333333336
2021-08-11,37.93333333333334
2021-08-12,43.13333333333333
2021-08-13,47.13333333333333
2021-08-16,44.866666666666674
2021-08-17,31.7
2021-08-18,18.2
2021-08-19,14.883333333333335
2021-08-20,23.86666666666667
2021-08-23,30.433333333333334
2021-08-24,34.4
2021-08-25,36.03333333333333
2021-08-26,36.833333333333336
2021-08-27,47.46666666666667
2021-08-30,47.86666666666667
2021-08-31,47.23333333333333
2021-09-01,43.13333333333333
2021-09-02,44.166666666666664
2021-09-03,44.06666666666666
2021-09-07,41.7
2021-09-08,38.56666666666667
2021-09-09,33.800000000000004
2021-09-10,20.600000000000005
2021-09-13,28.266666666666666
2021-09-14,24.8
2021-09-15,31.200000000000003
2021-09-16,31.500000000000004
2021-09-17,17.933333333333337
2021-09-20,11.100000000000001
2021-09-21,11.449999999999998
2021-09-22,20.033333333333335
2021-09-23,24.5
2021-09-24,23.83333333333334
2021-09-27,24.766666666666666
2021-09-28,12.466666666666669
2021-09-29,12.483333333333334
2021-09-30,9.966666666666667
2021-10-01,18.333333333333332
2021-10-04,9.500000000000002
2021-10-05,18.766666666666666
2021-10-06,20.066666666666666
2021-10-07,24.600000000000005
2021-10-08,25.26666666666667
2021-10-11,25.900000000000002
2021-10-12,22.7
2021-10-13,24.100000000000005
2021-10-14,31.833333333333332
2021-10-15,43.63333333333333
2021-10-18,46.56666666666666
2021-10-19,53.400000000000006
2021-10-20,56.56666666666667
2021-10-21,60.199999999999996
2021-10-22,59.5
2021-10-25,62.96666666666667
2021-10-26,63.03333333333334
2021-10-27,58.333333333333336
2021-10-28,64.4
2021-10-29,65.43333333333334
2021-11-01,66.13333333333334
2021-11-02,68.26666666666667
2021-11-03,72.2
2021-11-04,72.43333333333334
2021-11-05,73.60000000000001
2021-11-08,74.53333333333335
2021-11-09,77.17142857142858
2021-11-10,73.08571428571429
2021-11-11,72.22857142857143
2021-11-12,74
2021-11-15,71.62857142857145
2021-11-16,72.48571428571428
2021-11-17,69.2
2021-11-18,70.14285714285715
2021-11-19,62.77142857142859
2021-11-22,60
2021-11-23,60.371428571428574
2021-11-24,56.94285714285714
2021-11-26,31.25714285714286
2021-11-29,38.114285714285714
2021-11-30,24.771428571428572
2021-12-01,25.357142857142858
2021-12-02,22.928571428571427
2021-12-03,20.157142857142862
2021-12-06,21.25714285714286
2021-12-07,37.88571428571429
2021-12-08,41.314285714285724
2021-12-09,36.85714285714287
2021-12-10,42
2021-12-13,35.4
2021-12-14,31.542857142857144
2021-12-15,37.800000000000004
2021-12-16,33.57142857142858
2021-12-17,32.51428571428572
2021-12-20,29.428571428571427
2021-12-21,34.028571428571425
2021-12-22,39.542857142857144
2021-12-23,50.48571428571428
2021-12-27,56.39999999999999
2021-12-28,62.971428571428575
2021-12-29,64.02857142857144
2021-12-30,63.97142857142858
2021-12-31,62.54285714285715
2022-01-03,65.22857142857144
2022-01-04,64.25714285714285
2022-01-05,51.02857142857143
2022-01-06,52.142857142857146
2022-01-07,49.25714285714287
2022-01-10,51.142857142857146
2022-01-11,56.114285714285714
2022-01-12,55.94285714285714
2022-01-13,52.17142857142857
2022-01-14,55.800000000000004
2022-01-18,53.714285714285715
2022-01-19,44.82857142857143
2022-01-20,39.142857142857146
2022-01-21,26.728571428571428
2022-01-24,23.128571428571433
2022-01-25,20.88571428571429
2022-01-26,19.514285714285716
2022-01-27,18.6
2022-01-28,23.857142857142858
2022-01-31,29.200000000000006
2022-02-01,30.800000000000004
2022-02-02,28.800000000000004
2022-02-03,26.057142857142857
2022-02-04,27.6
2022-02-07,27.914285714285715
2022-02-08,28.942857142857143
2022-02-09,32.65714285714286
2022-02-10,33.6
2022-02-11,28.48571428571429
2022-02-14,25.685714285714287
2022-02-15,29.97142857142857
2022-02-16,32.08571428571428
2022-02-17,32.457142857142856
2022-02-18,29.514285714285716
2022-02-22,28.771428571428572
2022-02-23,18.814285714285713
2022-02-24,21.228571428571428
2022-02-25,28.142857142857142
2022-02-28,25.47142857142857
2022-03-01,22.97142857142857
2022-03-02,17.82857142857143
2022-03-03,21.72857142857143
2022-03-04,18.17142857142857
2022-03-07,16.9
2022-03-08,16.67142857142857
2022-03-09,18.028571428571432
2022-03-10,17.95714285714286
2022-03-11,19.057142857142857
2022-03-14,17.5
2022-03-15,21.857142857142858
2022-03-16,25.25714285714286
2022-03-17,33.62857142857143
2022-03-18,38.42857142857143
2022-03-21,40.971428571428575
2022-03-22,44.542857142857144
2022-03-23,45.199999999999996
2022-03-24,46.91428571428571
2022-03-25,49.371428571428574
2022-03-28,51.25714285714286
2022-03-29,52.714285714285715
2022-03-30,52.800000000000004
2022-03-31,59.199999999999996
2022-04-01,59.800000000000004
2022-04-04,61.65714285714286
2022-04-05,47.91428571428571
2022-04-06,46.4
2022-04-07,46.82857142857142
2022-04-08,46.08571428571429
2022-04-11,43.4
2022-04-12,42.05714285714286
2022-04-13,41.800000000000004
2022-04-14,39.857142857142854
2022-04-18,37.6
2022-04-19,39.628571428571426
2022-04-20,43.31428571428571
2022-04-21,38.94285714285714
2022-04-22,31.62857142857143
2022-04-25,29.97142857142857
2022-04-26,17.900000000000002
2022-04-27,16.271428571428572
2022-04-28,24.25714285714286
2022-04-29,14.328571428571427
2022-05-02,13.27142857142857
2022-05-03,30.485714285714288
2022-05-04,22.400000000000002
2022-05-05,13.128571428571432
2022-05-06,12.242857142857146
2022-05-09,8.185714285714285
2022-05-10,7.4
2022-05-11,4.028571428571429
2022-05-12,3.2
2022-05-13,11.285714285714286
2022-05-16,11.742857142857144
2022-05-17,15.200000000000001
2022-05-18,6.6000000000000005
2022-05-19,13.714285714285714
2022-05-20,12.657142857142858
2022-05-23,17.885714285714283
2022-05-24,16
2022-05-25,17.571428571428573
2022-05-26,24.114285714285717
2022-05-27,29.542857142857144
2022-05-31,40.057142857142864
2022-06-01,40.60000000000001
2022-06-02,44.82857142857143
2022-06-03,35.45714285714286
2022-06-06,42.800000000000004
2022-06-07,45.62857142857143
2022-06-08,48.11428571428571
2022-06-09,47.05714285714286
2022-06-10,40.00000000000001
2022-06-13,25.085714285714293
2022-06-14,20.528571428571432
2022-06-15,29.25714285714286
2022-06-16,17.700000000000003
2022-06-17,16.92857142857143
2022-06-21,19.728571428571428
2022-06-22,26.885714285714283
2022-06-23,26.742857142857144
2022-06-24,30.85714285714286
2022-06-27,30.771428571428572
2022-06-28,28.142857142857142
2022-06-29,26.542857142857144
2022-06-30,24.371428571428574
2022-07-01,24.571428571428573
2022-07-05,22.171428571428574
2022-07-06,22.828571428571426
2022-07-07,27.599999999999998
2022-07-08,31.342857142857145
2022-07-11,30.37142857142857
2022-07-12,30.314285714285713
2022-07-13,27.28571428571428
2022-07-14,26.514285714285716
2022-07-15,33.285714285714285
2022-07-18,35.885714285714286
2022-07-19,39.31428571428571
2022-07-20,44.08571428571429
2022-07-21,48.199999999999996
2022-07-22,42.42857142857143
2022-07-25,42.2
2022-07-26,42
2022-07-27,46.628571428571426
2022-07-28,48.48571428571429
2022-07-29,52.4
2022-08-01,59.08571428571429
2022-08-02,57.371428571428574
2022-08-03,60.25714285714286
2022-08-04,61.51428571428571
2022-08-05,63.314285714285724
2022-08-08,64.74285714285715
2022-08-09,64.45714285714286
2022-08-10,65.11428571428571
2022-08-11,65.82857142857144
2022-08-12,68.02857142857144
2022-08-15,66.82857142857144
2022-08-16,67.94285714285715
2022-08-17,67.14285714285715
2022-08-18,66.37142857142858
2022-08-19,63.714285714285715
2022-08-22,60.314285714285724
2022-08-23,57.42857142857144
2022-08-24,57.51428571428571
2022-08-25,58.25714285714287
2022-08-26,55.74285714285714
2022-08-29,54.285714285714285
2022-08-30,49.800000000000004
2022-08-31,52.08571428571429
2022-09-01,49.371428571428574
2022-09-02,42.457142857142856
2022-09-06,40.62857142857143
2022-09-07,39.62857142857143
2022-09-08,40.371428571428574
2022-09-09,43.8
2022-09-12,47.6
2022-09-13,36.62857142857143
2022-09-14,41.885714285714286
2022-09-15,40.65714285714286
2022-09-16,35.285714285714285
2022-09-19,36.31428571428571
2022-09-20,36.114285714285714
2022-09-21,27.21428571428571
2022-09-22,24.48571428571429
2022-09-23,21.685714285714287
2022-09-26,17.62857142857143
2022-09-27,16.514285714285716
2022-09-28,17.02857142857143
2022-09-29,13.257142857142858
2022-09-30,16.45714285714286
2022-10-03,20.38571428571429
2022-10-04,27.88571428571429
2022-10-05,29.714285714285715
2022-10-06,23.142857142857142
2022-10-07,19.67142857142857
2022-10-10,19.4
2022-10-11,16.885714285714283
2022-10-12,15.942857142857145
2022-10-13,19.37142857142857
2022-10-14,16.45714285714286
2022-10-17,23.400000000000002
2022-10-18,28.800000000000004
2022-10-19,29.428571428571427
2022-10-20,39.08571428571429
2022-10-21,43.74285714285715
2022-10-24,47.22857142857142
2022-10-25,51.371428571428574
2022-10-26,53.800000000000004
2022-10-27,54.57142857142857
2022-10-28,57.114285714285714
2022-10-31,64.05714285714286
2022-11-01,63.51428571428572
2022-11-02,55.285714285714285
2022-11-03,55.51428571428572
2022-11-04,56.51428571428572
2022-11-07,59.65714285714286
2022-11-08,57.94285714285714
2022-11-09,54
2022-11-10,60.34285714285714
2022-11-11,63.74285714285713
2022-11-14,62.68571428571429
2022-11-15,66.91428571428573
2022-11-16,65.08571428571427
2022-11-17,61.48571428571429
2022-11-18,60.34285714285715
2022-11-21,60.97142857142857
2022-11-22,60.8
2022-11-23,64.25714285714285
2022-11-25,63.08571428571429
2022-11-28,59.74285714285715
2022-11-29,58.17142857142857
2022-11-30,73.97142857142856
2022-12-01,75.60000000000001
2022-12-02,68.14285714285714
2022-12-05,65.08571428571429
2022-12-06,61.828571428571436
2022-12-07,58.42857142857143
2022-12-08,55.68571429
2022-12-09,52.08571428571428
2022-12-12,57.199999999999996
2022-12-13,59.17142857142858
2022-12-14,60.94285714285714
2022-12-15,60.142857142857146
2022-12-16,44.142857142857146
2022-12-19,39.971428571428575
2022-12-20,38.314285714285724
2022-12-21,38.542857142857144
2022-12-22,37
2022-12-23,39.51428571428572
2022-12-27,39.94285714285714
2022-12-28,35.51428571428572
2022-12-29,37.142857142857146
2022-12-30,36.51428571428571
2023-01-03,36.6
2023-01-04,39.857142857142854
2023-01-05,44.17142857142858
2023-01-06,45.714285714285715
2023-01-09,47.2
2023-01-10,49.65714285714286
2023-01-11,54.228571428571435
2023-01-12,56.68571428571429
2023-01-13,61.31428571428571
2023-01-17,64.14285714285714
2023-01-18,58.42857142857143
2023-01-19,55.42857142857144
2023-01-20,58.542857142857144
2023-01-23,63.60000000000001
2023-01-24,63
2023-01-25,63.88571428571429
2023-01-26,68.02857142857144
2023-01-27,69.2
2023-01-30,67.45714285714287
2023-01-31,70.34285714285716
2023-02-01,82.17142857142858
2023-02-02,75.2
2023-02-03,76.14285714285714
2023-02-06,75.91428571428573
2023-02-07,76.34285714285714
2023-02-08,74.62857142857142
2023-02-09,72.62857142857143
2023-02-10,72.48571429
2023-02-13,71.82857142857144
2023-02-14,73.25714285714287
2023-02-15,73.65714285714284
2023-02-16,70.71428571428572
2023-02-17,69.48571428571428
2023-02-21,65.91428571428573
2023-02-22,64.17142857142859
2023-02-23,62.65714285714285
2023-02-24,60.65714285714286
2023-02-27,61.22857142857144
2023-02-28,61.2
2023-03-01,65.91428571428573
2023-03-02,52.45714285714287
2023-03-03,55.68571429
2023-03-06,55.25714285714285
2023-03-07,48.51428571428571
2023-03-08,49.82857142857143
2023-03-09,37.542857142857144
2023-03-10,26.885714285714283
2023-03-13,23.357142857142858
2023-03-14,25.085714285714285
2023-03-15,22.685714285714287
2023-03-16,32.57142857142857
2023-03-17,27.000000000000004
2023-03-20,30.428571428571434
2023-03-21,43.48571428571429
2023-03-22,41.028571428571425
2023-03-23,38.34285714285715
2023-03-24,37.714285714285715
2023-03-27,40.199999999999996
2023-03-28,39.6
2023-03-29,41.457142857142856
2023-03-30,45.228571428571435
2023-03-31,49.48571428571429
2023-04-03,61.48571428571428
2023-04-04,50.228571428571435
2023-04-05,52.62857142857143
2023-04-06,55.25714285714286
2023-04-10,57.91428571428572
2023-04-11,58.48571428571428
2023-04-12,60.74285714285714
2023-04-13,63.171428571428564
2023-04-14,65.71428571428571
2023-04-17,67.08571428571429
2023-04-18,65.48571429
2023-04-19,67.25714285714287
2023-04-20,64.05714285714285
2023-04-21,63.51428571428572
2023-04-24,63.48571428571429
2023-04-25,57.057142857142864
2023-04-26,52.4
2023-04-27,58.314285714285724
2023-04-28,59.42857142857143
2023-05-01,59.42857142857144
2023-05-02,55.51428571428572
2023-05-03,54.62857142857143
2023-05-04,49.6
2023-05-05,53.885714285714286
2023-05-08,57.142857142857146
2023-05-09,59.57142857142857
2023-05-10,59.971428571428575
2023-05-11,59.057142857142864
2023-05-12,57.34285714285715
2023-05-15,57.25714285714286
2023-05-16,55.28571428571429
2023-05-17,60.25714285714286
2023-05-18,64.91428571428573
2023-05-19,65.45714285714287
2023-05-22,67.85714285714286
2023-05-23,65.8
2023-05-24,61.82857142857143
2023-05-25,62.68571429
2023-05-26,65.71428571428571
2023-05-30,66.08571428571429
2023-05-31,64.17142857142858
2023-06-01,68.05714285714286
2023-06-02,75.42857142857143
2023-06-05,69.48571428571428
2023-06-06,73.51428571428572
2023-06-07,74.45714285714287
2023-06-08,75.77142857142857
2023-06-09,76.97142857142856
2023-06-12,78.05714285714286
2023-06-13,79.62857142857145
2023-06-14,79.62857142857142
2023-06-15,80.88571428571429
2023-06-16,81.25714285714287
2023-06-20,80.11428571428571
2023-06-21,80.11428571428573
2023-06-22,80.05714285714285
2023-06-23,75.71428571428571
2023-06-26,73.45714285714287
2023-06-27,75.48571428571428
2023-06-28,76.51428571428573
2023-06-29,79.20000000000002
2023-06-30,79.48571429
2023-07-03,82.22857142857143
2023-07-05,79.25714285714287
2023-07-06,77.91428571428573
2023-07-07,77.68571428571428
2023-07-10,76.68571429
2023-07-11,78.28571428571429
2023-07-12,78.17142857142858
2023-07-13,79.39999999999999
2023-07-14,79.8
2023-07-17,80.02857142857142
2023-07-18,81.68571428571428
2023-07-19,82.34285714285716
2023-07-20,80.85714285714286
2023-07-21,81.02857142857144
2023-07-24,82.51428571428572
2023-07-25,81.22857142857143
2023-07-26,80.60000000000001
2023-07-27,77.65714285714286
2023-07-28,76.91428571428573
2023-07-31,77.62857142857142
2023-08-01,77.34285714285716
2023-08-02,77.34285714285714
2023-08-03,73.62857142857145
2023-08-04,64.5
2023-08-07,72.05714285714285
2023-08-08,69.2
2023-08-09,67.31428571428572
2023-08-10,66.34285714285714
2023-08-11,65.02857142857144
2023-08-14,66.28571428571429
2023-08-15,54.5
2023-08-16,49.48571428571428
2023-08-17,46.142857142857146
2023-08-18,43.65714285714286
2023-08-21,43.48571428571429
2023-08-22,43.44285714285714
2023-08-23,50.17142857142857
2023-08-24,40.58571428571429
2023-08-25,47.02857142857143
2023-08-28,45.285714285714285
2023-08-29,49.17142857142857
2023-08-30,50.42857142857143
2023-08-31,52.94285714285714
2023-09-01,55.028571428571425
2023-09-05,59.08571428571428
2023-09-06,56.714285714285715
2023-09-07,53.62857142857143
2023-09-08,51.91428571428571
2023-09-11,52.199999999999996
2023-09-12,51.40000000000001
2023-09-13,51.40000000000001
2023-09-14,54.42857142857144
2023-09-15,52.02857142857143
2023-09-18,49.48571428571429
2023-09-19,49.94285714285714
2023-09-20,48.285714285714285
2023-09-21,37.15714285714286
2023-09-22,33.15714285714286
2023-09-25,38.42857142857143
2023-09-26,24.22857142857143
2023-09-27,22.82857142857143
2023-09-28,29
2023-09-29,28.400000000000002
2023-10-02,28.314285714285713
2023-10-03,20.528571428571432
2023-10-04,20.985714285714288
2023-10-05,20.32857142857143
2023-10-06,27.714285714285715
2023-10-09,29.25714285714286
2023-10-10,32.31428571428572
2023-10-11,34.34285714285714
2023-10-12,35.68571428571429
2023-10-13,26.271428571428572
2023-10-16,35.74285714285715
2023-10-17,39.142857142857146
2023-10-18,30.571428571428573
2023-10-19,29.542857142857144
2023-10-20,22.85714285714286
2023-10-23,25.842857142857145
2023-10-24,33.48571428571429
2023-10-25,25.214285714285715
2023-10-26,22.71428571428572
2023-10-27,21.614285714285717
2023-10-30,29.2
2023-10-31,30.142857142857142
2023-11-01,32.17142857142857
2023-11-02,37.68571428571429
2023-11-03,36.114285714285714
2023-11-06,38.91428571428572
2023-11-07,39.628571428571426
2023-11-08,39.771428571428565
2023-11-09,41
2023-11-10,41.45714285714286
2023-11-13,39.88571428571429
2023-11-14,46.6
2023-11-15,52.542857142857144
2023-11-16,55.057142857142864
2023-11-17,58.85714285714287
2023-11-20,61.28571428571429
2023-11-21,61.17142857142858
2023-11-22,65.05714285714286
2023-11-24,66.85714285714286
2023-11-27,65.31428571428572
2023-11-28,65.08571428571429
2023-11-29,63.28571428571429
2023-11-30,64.37142857142858
2023-12-01,64.51428571428572
2023-12-04,63.714285714285715
2023-12-05,65.14285714285714
2023-12-06,63.97142857142857
2023-12-07,66.14285714285715
2023-12-08,65.94285714285715
2023-12-11,67.28571428571429
2023-12-12,67.88571428571429
2023-12-13,67.54285714285714
2023-12-14,70.54285714285716
2023-12-15,69.45714285714287
2023-12-18,70.48571428571428
2023-12-19,82.97142857142858
2023-12-20,75.57142857142857
2023-12-21,77
2023-12-22,79.74285714285715
2023-12-26,81.94285714285716
2023-12-27,81.17142857142858
2023-12-28,81.25714285714287
2023-12-29,80.71428571428571
2024-01-02,79.71428571428571
2024-01-03,76.71428571428571
2024-01-04,78.68571428571428
2024-01-05,75.77142857142859
2024-01-08,76.17142857142856
2024-01-09,75.68571428571428
2024-01-10,76.37142857142858
2024-01-11,74.65714285714286
2024-01-12,73.08571428571429
2024-01-16,72.28571428571429
2024-01-17,57.21428571428572
2024-01-18,66.45714285714286
2024-01-19,72.82857142857144
2024-01-22,72.85714285714286
2024-01-23,70.25714285714287
2024-01-24,72.48571428571428
2024-01-25,73.22857142857143
2024-01-26,73.79999999999998
2024-01-29,74.11428571428573
2024-01-30,74.22857142857143
2024-01-31,64.11428571428573
2024-02-01,72.34285714285714
2024-02-02,74.60000000000001
2024-02-05,73.31428571428572
2024-02-06,73.20000000000002
2024-02-07,73.77142857142857
2024-02-08,74.60000000000001
2024-02-09,75.42857142857143
2024-02-12,75.82857142857144
2024-02-13,66.74285714285715
2024-02-14,67.51428571428572
2024-02-15,73.85714285714286
2024-02-16,73.48571428571428
2024-02-20,63.74285714285715
2024-02-21,63.7
2024-02-22,73.94285714285715
2024-02-23,73.34285714285714
2024-02-26,71.91428571428573
2024-02-27,75.77142857142859
2024-02-28,76.77142857142859
2024-02-29,77.45714285714287
2024-03-01,76.82857142857142
2024-03-04,79.22857142857143
2024-03-05,76.11428571428571
2024-03-06,72.54285714285714
2024-03-07,73.85714285714286
2024-03-08,70.02857142857144
2024-03-11,62.771428571428565
2024-03-12,72.2
2024-03-13,71.77142857142857
2024-03-14,70.4
2024-03-15,68.62857142857143
2024-03-18,70.74285714285715
2024-03-19,70.85714285714286
2024-03-20,69.62857142857145
2024-03-21,71.37142857142858
2024-03-22,69.51428571428572
2024-03-25,67.42857142857143
2024-03-26,67.91428571428573
2024-03-27,69.77142857142859
2024-03-28,68.77142857142857
2024-04-01,71.25714285714287
2024-04-02,71.14285714285715
2024-04-03,69.4
2024-04-04,53.800000000000004
2024-04-05,58.10000000000001
2024-04-08,64.02857142857144
2024-04-09,59.62857142857144
2024-04-10,49.67142857142858
2024-04-11,56.65714285714286
2024-04-12,45.01428571428572
2024-04-15,38.4
2024-04-16,35.11428571428572
2024-04-17,31.157142857142862
2024-04-18,30.400000000000006
2024-04-19,27.671428571428574
2024-04-22,34.17142857142857
2024-04-23,36.57142857142857
2024-04-24,37.48571428571429
2024-04-25,39.08571428571429
2024-04-26,40.51428571428572
2024-04-29,42.42857142857143
2024-04-30,40.542857142857144
2024-05-01,40.51428571428572
2024-05-02,42.228571428571435
2024-05-03,43.25714285714286
2024-05-06,39
2024-05-07,37.17142857142858
2024-05-08,38.17142857142857
2024-05-09,42.228571428571435
2024-05-10,46.028571428571425
2024-05-13,48.114285714285714
2024-05-14,55.285714285714285
2024-05-15,59.371428571428574
2024-05-16,62.314285714285724
2024-05-17,62.800000000000004
2024-05-20,60.42857142857143
2024-05-21,59.42857142857143
2024-05-22,58.51428571428572
2024-05-23,52.37142857142857
2024-05-24,51.74285714285714
2024-05-28,54.685714285714276
2024-05-29,49.971428571428575
2024-05-30,45.08571428571429
2024-05-31,48.42857142857144
2024-06-03,45.48571428571429
2024-06-04,47.628571428571426
2024-06-05,51.142857142857146
2024-06-06,45.31428571428571
2024-06-07,43.4
2024-06-10,44.74285714285715
2024-06-11,44.4
2024-06-12,46.57142857142857
2024-06-13,44.57142857142858
2024-06-14,41.11428571428572
2024-06-17,43.285714285714285
2024-06-18,41.28571428571429
2024-06-20,38.714285714285715
2024-06-21,39.05714285714286
2024-06-24,37.77142857142858
2024-06-25,37.285714285714285
2024-06-26,40.88571428571429
2024-06-27,45.51428571428571
2024-06-28,44.31428571428571
2024-07-01,47.94285714285714
2024-07-02,49.74285714285714
2024-07-03,48.371428571428574
2024-07-05,49.714285714285715
2024-07-08,51.057142857142864
2024-07-09,50.57142857142856
2024-07-10,54.60000000000001
2024-07-11,49.4
2024-07-12,54.371428571428574
2024-07-15,57.74285714285715
2024-07-16,57.02857142857143
2024-07-17,46.114285714285714
2024-07-18,45.94285714285714
2024-07-19,43
2024-07-22,48.42857142857144
2024-07-23,46.857142857142854
2024-07-24,38.614285714285714
2024-07-25,39.07142857142857
2024-07-26,42.542857142857144
2024-07-29,42.07142857142857
2024-07-30,40.800000000000004
2024-07-31,46.885714285714286
2024-08-01,42.68571428571429
2024-08-02,41.385714285714286
2024-08-05,33.05714285714286
2024-08-06,19.014285714285712
2024-08-07,16.557142857142857
2024-08-08,17.65714285714286
2024-08-09,24.085714285714285
2024-08-12,23.8
2024-08-13,25.514285714285712
2024-08-14,26.428571428571434
2024-08-15,32.37142857142857
2024-08-16,33.74285714285715
2024-08-19,39.88571428571429
2024-08-20,44.68571428571429
2024-08-21,50.228571428571435
2024-08-22,46.77142857142858
2024-08-23,51.57142857142857
2024-08-26,52.94285714285714
2024-08-27,52.28571428571429
2024-08-28,51.08571428571429
2024-08-29,56.057142857142864
2024-08-30,60.314285714285724
2024-09-03,56.34285714285714
2024-09-04,56.62857142857143
2024-09-05,50.62857142857143
2024-09-06,39.34285714285715
2024-09-09,41.971428571428575
2024-09-10,39.68571429
2024-09-11,43.08571428571429
2024-09-12,42.97142857142857
2024-09-13,48.62857142857143
2024-09-16,50.31428571428571
2024-09-17,54.62857142857143
2024-09-18,55.17142857142858
2024-09-19,63.80000000000001
2024-09-20,61.2
2024-09-23,63.85714285714287
2024-09-24,66.42857142857143
2024-09-25,65.74285714285715
2024-09-26,70.74285714285713
2024-09-27,67.31428571428572
2024-09-30,73.68571429
2024-10-01,70.31428571428572
2024-10-02,70.57142857142857
2024-10-03,69.42857142857143
2024-10-04,71.4
2024-10-07,70.82857142857144
2024-10-08,71.17142857142856
2024-10-09,71.14285714285715
2024-10-10,70.28571428571429
2024-10-11,71.65714285714286
2024-10-14,74.22857142857143
2024-10-15,71.14285714285715
2024-10-16,69.02857142857142
2024-10-17,68.57142857142857
2024-10-18,72.42857142857143
2024-10-21,69.8
2024-10-22,70.37142857142858
2024-10-23,63.199999999999996
2024-10-24,62.94285714285714
2024-10-25,58.74285714285715
2024-10-28,60.85714285714287
2024-10-29,60.057142857142864
2024-10-30,57.2
2024-10-31,40.45714285714286
2024-11-01,50.48571428571429
2024-11-04,42.42857142857143
2024-11-05,43.54285714285715
2024-11-06,44
2024-11-07,59.05714285714286
2024-11-08,59.42857142857144
2024-11-11,66.6
2024-11-12,66.71428571428571
2024-11-13,66.31428571428572
2024-11-14,60.314285714285724
2024-11-15,51.199999999999996
2024-11-18,50.285714285714285
2024-11-19,49.51428571428572
2024-11-20,49.51428571428572
2024-11-21,56.60000000000001
2024-11-22,60.71428571428572
2024-11-25,62.88571428571429
2024-11-26,65.91428571428573
2024-11-27,64.4
2024-11-29,65
2024-12-02,65.31428571428572
2024-12-03,59.57142857142858
2024-12-04,57.48571428571429
2024-12-05,54.91428571428572
2024-12-06,52.142857142857146
2024-12-09,49.25714285714287
2024-12-10,46.971428571428575
2024-12-11,49.2
2024-12-12,47.114285714285714
2024-12-13,49.114285714285714
2024-12-16,56.057142857142864
2024-12-17,51.4
2024-12-18,33.12857142857143
2024-12-19,19.514285714285716
2024-12-20,27.600000000000005
2024-12-23,30.142857142857146
2024-12-24,34.51428571428571
2024-12-26,34.17142857142857
2024-12-27,33.82857142857143
2024-12-30,28.6
2024-12-31,26.314285714285713
2025-01-02,24.314285714285717
2025-01-03,28.885714285714283
2025-01-06,33.77142857142857
2025-01-07,34.31428571428572
2025-01-08,31.914285714285718
2025-01-10,25.62857142857143
2025-01-13,25.34285714285715
2025-01-14,25.142857142857142
2025-01-15,27.428571428571427
2025-01-16,27.342857142857145
2025-01-17,36.02857142857143
2025-01-21,39.91428571428572
2025-01-22,41.62857142857143
2025-01-23,43.68571428571429
2025-01-24,45.800000000000004
2025-01-27,37.971428571428575
2025-01-28,40.62857142857143
2025-01-29,42.4
2025-01-30,45.91428571428571
2025-01-31,43.771428571428565
2025-02-03,37.4
2025-02-04,37.142857142857146
2025-02-05,38.62857142857143
2025-02-06,39.68571428571429
2025-02-07,38.371428571428574
2025-02-10,44.714285714285715
2025-02-11,45.4
2025-02-12,41.371428571428574
2025-02-13,46.60000000000001
2025-02-14,43.68571428571429
2025-02-18,46.800000000000004
2025-02-19,47.628571428571426
2025-02-20,44.228571428571435
2025-02-21,36.971428571428575
2025-02-24,29.542857142857144
2025-02-25,24.199999999999996
2025-02-26,21.25714285714286
2025-02-27,12.757142857142858
2025-02-28,20.657142857142855
2025-03-03,12.342857142857143
2025-03-04,11.042857142857143
2025-03-05,11.514285714285714
2025-03-06,17.2
2025-03-07,17.642857142857146
2025-03-10,17.071428571428573
2025-03-11,15.114285714285716
2025-03-12,15.914285714285715
2025-03-13,15.185714285714287
2025-03-14,22.057142857142857
2025-03-17,22.571428571428573
2025-03-18,22.228571428571428
2025-03-19,21.599999999999998
2025-03-20,21.685714285714287
2025-03-21,22.685714285714287
2025-03-24,25.400000000000002
2025-03-25,29.285714285714285
2025-03-26,28.88571428571429
2025-03-27,28.342857142857145
2025-03-28,26.371428571428574
2025-03-31,21.114285714285717
2025-04-01,19.571428571428573
2025-04-02,22.599999999999998
2025-04-03,12.142857142857142
2025-04-04,5.385714285714286
2025-04-07,4
2025-04-08,2.9
2025-04-09,9.5
2025-04-10,5.614285714285715
2025-04-11,8.385714285714286
2025-04-14,12.342857142857143
2025-04-15,13.114285714285716
2025-04-16,11.142857142857142
2025-04-17,16.057142857142857
2025-04-21,12.371428571428572
2025-04-22,13.600000000000003
2025-04-23,21.542857142857144
2025-04-24,24.08571428571429
2025-04-25,34.51428571428572
2025-04-28,32.142857142857146
2025-04-29,32.74285714285714
2025-04-30,32.371428571428574
2025-05-01,41.25714285714287
2025-05-02,38.28571428571429
2025-05-05,53.057142857142864
2025-05-06,54.65714285714286
2025-05-07,54.142857142857146
2025-05-08,57.65714285714286
2025-05-09,60.02857142857143
2025-05-12,64.48571429
2025-05-13,68.2
2025-05-14,70.4
2025-05-15,69.14285714285714
2025-05-16,70.60000000000001
2025-05-19,69.74285714285715
2025-05-20,69.17142857142858
2025-05-21,66.22857142857143
2025-05-22,66.8
2025-05-23,64.08571428571429
2025-05-27,65.74285714285715
2025-05-28,64.74285714285715
2025-05-29,64.45714285714287
2025-05-30,61.91428571428571
2025-06-02,62.42857142857144
2025-06-03,54.57142857142857
2025-06-04,54.88571428571429
2025-06-05,57.97142857142858
2025-06-06,61.77142857142858
2025-06-09,63.42857142857143
2025-06-10,64
2025-06-11,64.2
2025-06-12,64.6
2025-06-13,59.54285714285715
2025-06-16,61.114285714285714
2025-06-17,57.42857142857144
2025-06-18,54.285714285714285
2025-06-20,54.51428571428573
2025-06-23,56.60000000000001
2025-06-24,57.885714285714286
2025-06-25,59.25714285714286
2025-06-26,63.00000000000001
2025-06-27,64.8
2025-06-30,69.22857142857143
2025-07-01,67.54285714285714
2025-07-02,63.714285714285715
2025-07-03,77.62857142857145
2025-07-07,75.08571428571429
2025-07-08,74.62857142857142
2025-07-09,75.91428571428571
2025-07-10,76.97142857142856
2025-07-11,75.25714285714285
2025-07-14,76.11428571428573
2025-07-15,73.48571429
2025-07-16,72.94285714285715
2025-07-17,74.17142857142858
2025-07-18,73.94285714285715
2025-07-21,73.28571428571429
2025-07-22,73.88571428571429
2025-07-23,76.37142857
2025-07-24,75.25714285714287
2025-07-25,74.65714285714286
2025-07-28,73.8
2025-07-29,70.62857142857143
2025-07-30,68.02857142857142
2025-07-31,63.714285714285715
2025-08-01,49.800000000000004
2025-08-04,56.885714285714286
2025-08-05,55.028571428571425
2025-08-06,55.314285714285724
2025-08-07,54.71428571428572
2025-08-08,58.37142857142857
2025-08-11,57.628571428571426
2025-08-12,62.25714285714286
2025-08-13,63.34285714285714
2025-08-14,63.25714285714287
2025-08-15,63.54285714285715
2025-08-18,64.2
2025-08-19,59.88571428571429
2025-08-20,55.91428571428572
2025-08-21,52.60000000000001
2025-08-22,55.54285714285715
2025-08-25,53.942857142857136
2025-08-26,55.4
2025-08-27,59.11428571428572
2025-08-28,64.42857142857143
2025-08-29,61.542857142857144
2025-09-02,62.45714285714286
2025-09-03,61.371428571428574
2025-09-04,61.17142857142858
2025-09-05,58.68571428571429
2025-09-08,58.228571428571435
2025-09-09,57.942857142857136
2025-09-10,57.94285714285714
2025-09-11,60.34285714285715
2025-09-12,61.34285714285714
2025-09-15,64.45714285714287
2025-09-16,64.37142857142858
2025-09-17,63.77142857142858
2025-09-18,66.54285714285714
2025-09-19,66.22857142857144
2025-09-22,66.51428571428572
2025-09-23,56.771428571428565
2025-09-24,54.57142857142857
2025-09-25,50.65714285714286
2025-09-26,51.28571428571428
2025-09-29,50.97142857142857
2025-09-30,51.40000000000001
2025-10-01,52.48571428571428
2025-10-02,54.54285714285715
2025-10-03,52.57142857142857
2025-10-06,53.971428571428575
2025-10-07,51.857142857142854
2025-10-08,52.942857142857136
2025-10-09,48.62857142857143
2025-10-10,30.14285714285714
2025-10-13,29.74285714285714
2025-10-14,28.285714285714285
2025-10-15,27.41428571428571
2025-10-16,23.114285714285717
2025-10-17,22.32857142857143
2025-10-20,29.85714285714286
2025-10-21,28.542857142857148
2025-10-22,26.37142857142857
2025-10-23,27.571428571428573
2025-10-24,32.45714285714286
2025-10-27,37.34285714285715
2025-10-28,39.34285714285714
2025-10-29,42.114285714285714
2025-10-30,37.05714285714286
2025-10-31,34.45714285714286
2025-11-03,32.6
2025-11-04,20.94285714285714
2025-11-05,23.057142857142857
2025-11-06,24.342857142857145
2025-11-07,20.428571428571427
2025-11-10,29.942857142857143
2025-11-11,30.457142857142856
2025-11-12,34.57142857142858
2025-11-13,24.542857142857144
2025-11-14,22.057142857142853
2025-11-17,11.642857142857142
2025-11-18,8.9
2025-11-19,7.857142857142857
2025-11-20,5.171428571428572
2025-11-21,5.6571428571428575
2025-11-24,13.685714285714285
2025-11-25,15.028571428571428
2025-11-26,17.657142857142862
2025-11-28,21.771428571428572
2025-12-01,22.085714285714285
2025-12-02,23.257142857142856
2025-12-03,24.771428571428572
2025-12-04,36.02857142857143
2025-12-05,38.142857142857146
2025-12-08,40.77142857142858
2025-12-09,40.94285714285714
2025-12-10,36.371428571428574
2025-12-11,43.74285714285714
2025-12-12,39.285714285714285
2025-12-15,49.314285714285724
2025-12-16,46.4
2025-12-17,37.68571428571429
2025-12-18,42.371428571428574
2025-12-19,44.199999999999996
2025-12-22,54.88571428571429
2025-12-23,58.57142857142857
2025-12-24,58
2025-12-26,54.857142857142854
2025-12-29,47.885714285714286
2025-12-30,46.114285714285714
2025-12-31,43.25714285714286
2026-01-02,45.22857142857142
2026-01-05,47.60000000000001
2026-01-06,52.857142857142854
2026-01-07,48.57142857142857
2026-01-08,48.371428571428574
2026-01-09,54.114285714285714
2026-01-12,58
2026-01-13,59.085714285714296
2026-01-14,58.62857142857143
2026-01-15,63.65714285714286
2026-01-16,63.77142857142858
2026-01-20,50.85714285714287
2026-01-21,53.857142857142854
2026-01-22,54.771428571428565
2026-01-23,54.885714285714286
2026-01-26,57.65714285714286
2026-01-27,64.97142857142858
2026-01-28,65.54285714285713
2026-01-29,63.82857142857143
2026-01-30,58.60000000000001
2026-02-02,63.40000000000001
2026-02-03,43.34285714285714
2026-02-04,47.228571428571435
2026-02-05,34.94285714285714
2026-02-06,45.371428571428574
2026-02-09,48.48571429
2026-02-10,47.228571428571435
2026-02-11,49.91428571428571
2026-02-12,36.357142857142854
2026-02-13,33.84285714285714
2026-02-17,33.31428571428572
2026-02-18,34.157142857142865
2026-02-19,34.400000000000006
2026-02-20,42.34285714285715
2026-02-23,32.542857142857144
2026-02-24,40.25714285714286
2026-02-25,43.142857142857146
2026-02-26,42.91428571428571
2026-02-27,41.17142857142857
2026-03-02,34.285714285714285
2026-03-03,31.628571428571426
2026-03-04,33.07142857142857
2026-03-05,31.62857142857143
2026-03-06,25.25714285714286
2026-03-09,22.228571428571428
2026-03-10,20.271428571428572
2026-03-11,18.314285714285713
2026-03-13,16.671428571428574
2026-03-16,23.914285714285718
2026-03-17,22.88571428571429
2026-03-18,13.614285714285714
2026-03-19,18.314285714285713
2026-03-20,8.4
2026-03-23,11.62857142857143
2026-03-24,10.35714285714286
2026-03-25,16.542857142857144
2026-03-26,10.257142857142858
2026-03-27,8.171428571428573
2026-03-30,5.771428571428572
2026-03-31,14.885714285714284
2026-04-01,15.857142857142858
2026-04-02,18.285714285714285
2026-04-06,21.85714285714286
2026-04-07,21.571428571428573
2026-04-08,29.171428571428574
2026-04-09,33.800000000000004
2026-04-10,38.05714285714286
2026-04-13,40.971428571428575
2026-04-14,47.25714285714286
2026-04-15,56.2
2026-04-16,61.48571428571429
2026-04-17,68.57142857142858
2026-04-20,69.97142857142858
2026-04-21,67.57142857142858
2026-04-22,68.45714285714286
2026-04-23,66.17142857142856
2026-04-24,65.4
2026-04-27,66.28571428571429
2026-04-28,67.42857142857142
2026-04-29,66.22857142857143
2026-04-30,69.51428571428572
2026-05-01,71.17142857142856
2026-05-04,66.88571428571429
2026-05-05,67.25714285714287
2026-05-06,68.74285714285715
2026-05-07,67.28571428571429
2026-05-08,67.28571428571429
2026-05-11,66.62857142857143
2026-05-12,65.68571428571428
2026-05-13,64.97142857142858
2026-05-14,65.91428571428573
2026-05-15,63.22857142857142
2026-05-18,62.08571428571429
2026-05-19,59.25714285714286
2026-05-20,60.51428571428571
2026-05-21,57.51428571428572
2026-05-22,58.22857142857144
2026-05-26,59.82857142857143
2026-05-27,60.62857142857143
2026-05-28,60.71428571428572
2026-05-29,60.45714285714287
2026-06-01,59.45714285714286
2026-06-02,56.97142857142858
2026-06-03,54.628571428571426
2026-06-04,54.57142857142857
2026-06-05,41.857142857142854
2026-06-08,39.37142857142857
2026-06-09,33.77142857142858
2026-06-10,27.28571428571428
2026-06-11,29.685714285714283
2026-06-12,33.51428571428572
2026-06-15,40.14285714285715
2026-06-16,39.51428571428571
2026-06-17,32.94285714285714
2026-06-18,37.34285714285715
2026-06-22,33.94285714285714
2026-06-23,28.457142857142863
2026-06-24,26.45714285714286
2026-06-25,25.428571428571427
2026-06-26,24.657142857142855
2026-06-29,26.857142857142858
2026-06-30,29.971428571428568
2026-07-01,31.62857142857143
2026-07-02,32.542857142857144
2026-07-06,41.65714285714286
2026-07-07,39.771428571428565
2026-07-08,38.62857142857143
2026-07-09,44.714285714285715
2026-07-10,46.82857142857143
2026-07-13,40.857142857142854
2026-07-14,41.057142857142864
2026-07-16,41.2
2026-07-17,37.2285714285714
2026-07-20,37.9428571428571
2026-07-21,43.3714285714286
2026-07-22,43.3142857142857
2026-07-23,38.9142857142857
2026-07-24,41.3428571428571
2026-07-27,37.6285714285714
2026-07-28,37.8857142857143
2026-07-29,34.6571428571429
2026-07-30,40.7142857142857
2026-07-31,45.2285714285714
2026-08-03,50.7428571428571
2026-08-04,59.9714285714286
2026-08-05,59.8285714285714
2026-08-06,58.8571428571429
2026-08-07,64.4285714285714
2026-08-10,64.6857142857143
2026-08-11,61.4285714285714
2026-08-12,62.9428571428571
2026-08-13,66.6285714285714
2026-08-14,63.9714285714286
2026-08-17,58.4
2026-08-18,55.6285714285714
