Date,Open,High,Low,Close,AdjClose,Volume
2020-09-30,10.0000,11.4100,9.1100,9.5000,9.5000,338584400
2020-10-01,9.6900,10.1000,9.2300,9.4600,9.4600,124297600
2020-10-02,9.0600,9.2800,8.9400,9.2000,9.2000,55018300
2020-10-05,9.4300,9.4900,8.9200,9.0300,9.0300,36316900
2020-10-06,9.0400,10.1800,8.9000,9.9000,9.9000,90864000
2020-10-07,10.0400,10.4900,9.9900,10.0000,10.0000,54672400
2020-10-08,10.2900,10.4000,9.9900,10.0000,10.0000,34989200
2020-10-09,10.1300,10.1900,9.8900,9.9500,9.9500,19653500
2020-10-12,10.0400,10.0500,9.6600,9.8900,9.8900,20623600
2020-10-13,9.8800,9.8800,9.4100,9.4700,9.4700,21847200
2020-10-14,9.6000,9.6600,9.2900,9.3400,9.3400,13652600
2020-10-15,9.2700,9.9100,9.1800,9.9100,9.9100,12924100
2020-10-16,9.9400,9.9500,9.6600,9.7100,9.7100,11142500
2020-10-19,9.7900,9.8200,9.5300,9.5700,9.5700,9126400
2020-10-20,9.6000,9.6600,9.2700,9.2700,9.2700,11138200
2020-10-21,9.3000,9.4800,9.2000,9.2000,9.2000,9190000
2020-10-22,9.3700,9.7500,9.2200,9.6800,9.6800,17928600
2020-10-23,9.7100,9.8300,9.4700,9.4900,9.4900,12618000
2020-10-26,9.7200,9.9700,9.6000,9.9500,9.9500,23767300
2020-10-27,10.0000,11.0400,9.9200,10.9500,10.9500,53695900
2020-10-28,10.6600,10.9850,10.1000,10.8500,10.8500,30941700
2020-10-29,10.9000,11.1000,10.5600,10.7500,10.7500,20515700
2020-10-30,10.6100,10.6800,9.8500,10.1300,10.1300,19705500
2020-11-02,10.2300,10.5700,10.2300,10.5400,10.5400,11677800
2020-11-03,10.5700,10.9400,10.4400,10.5000,10.5000,21652800
2020-11-04,10.8200,10.9200,10.5500,10.7200,10.7200,15783400
2020-11-05,10.9000,12.1300,10.8500,11.8800,11.8800,48560400
2020-11-06,12.2200,14.9600,12.0500,13.8300,13.8300,89977600
2020-11-09,14.9600,15.9000,14.1100,14.6700,14.6700,60099000
2020-11-10,14.9900,15.0100,13.1800,14.0000,14.0000,38078700
2020-11-11,14.5700,15.9700,14.4000,15.9600,15.9600,47027900
2020-11-12,16.6600,17.0600,14.4100,14.5800,14.5800,97904000
2020-11-13,14.4900,16.0000,14.4900,15.8000,15.8000,76354800
2020-11-16,15.9600,16.1000,15.0100,15.9300,15.9300,65326000
2020-11-17,16.2900,18.7500,16.1800,17.8500,17.8500,116618500
2020-11-18,18.2800,19.2500,17.5400,17.9000,17.9000,89957900
2020-11-19,18.5000,18.9800,17.9600,18.9800,18.9800,56225400
2020-11-20,19.0300,19.6600,18.0000,18.1500,18.1500,72104000
2020-11-23,18.6300,21.4500,18.5700,21.0400,21.0400,84716300
2020-11-24,22.3500,24.2700,20.6300,23.8200,23.8200,115468800
2020-11-25,23.9600,29.7500,23.6900,29.0500,29.0500,202563700
2020-11-27,31.1900,33.5000,26.1200,27.6600,27.6600,207834000
2020-11-30,28.2400,30.1500,24.1100,27.1100,27.1100,137243000
2020-12-01,28.0900,28.1400,24.4500,25.6700,25.6700,84050000
2020-12-02,22.2400,23.4000,21.1500,22.5100,22.5100,149062100
2020-12-03,23.5500,25.6200,23.5000,24.0300,24.0300,85634300
2020-12-04,24.8800,25.2400,23.5100,23.8500,23.8500,56044100
2020-12-07,24.4400,29.0000,24.4400,28.9400,28.9400,118463700
2020-12-08,30.6300,31.2400,27.2500,28.5900,28.5900,124754300
2020-12-09,28.6800,28.8500,25.3300,26.6300,26.6300,79634700
2020-12-10,25.5410,28.0400,25.1500,27.0400,27.0400,57774800
2020-12-11,27.1500,28.2700,26.0600,27.2000,27.2000,52764400
2020-12-14,28.2600,28.2600,26.7300,27.2400,27.2400,44734500
2020-12-15,26.8200,27.1000,25.5200,26.4300,26.4300,49273200
2020-12-16,25.7100,26.1600,25.1100,25.9200,25.9200,44013400
2020-12-17,26.5200,27.4500,26.0500,27.2300,27.2300,53829800
2020-12-18,26.2700,26.8500,25.8000,25.9700,25.9700,71042900
2020-12-21,26.1900,28.7000,25.4000,28.5100,28.5100,76729100
2020-12-22,29.0300,29.4200,26.8200,28.0400,28.0400,66033100
2020-12-23,28.9500,29.3900,28.0500,28.6900,28.6900,58772200
2020-12-24,28.7980,29.1600,27.5200,27.7500,27.7500,26306800
2020-12-28,28.3900,28.5900,25.4000,25.6300,25.6300,55878700
2020-12-29,25.7500,26.1820,24.3400,24.6600,24.6600,47302400
2020-12-30,24.9700,25.9100,24.6300,25.1000,25.1000,34586700
2020-12-31,24.6300,24.7200,23.5200,23.5500,23.5500,39922500
2021-01-04,23.9100,24.5000,22.5000,23.3700,23.3700,44970400
2021-01-05,23.1800,24.6700,22.8900,24.6000,24.6000,29050400
2021-01-06,24.1200,24.4600,23.2500,23.5400,23.5400,32732900
2021-01-07,24.0200,25.1900,23.6700,25.0000,25.0000,32240000
2021-01-08,25.7000,26.4400,24.7000,25.2000,25.2000,41313800
2021-01-11,24.6100,26.6000,24.3100,25.9300,25.9300,32609000
2021-01-12,26.3400,26.4200,25.5100,26.1800,26.1800,26887200
2021-01-13,25.7100,27.4300,25.1300,25.5000,25.5000,51216600
2021-01-14,25.4500,25.6200,24.3700,24.9200,24.9200,32908000
2021-01-15,26.2600,28.0000,25.4600,25.6400,25.6400,92285500
2021-01-19,26.8100,27.5400,26.0000,26.6200,26.6200,48675800
2021-01-20,27.2900,27.3000,25.7000,26.3400,26.3400,37459000
2021-01-21,26.4200,26.6800,25.3000,25.9800,25.9800,29891400
2021-01-22,25.8500,32.6500,25.8200,32.5800,32.5800,156844700
2021-01-25,34.4600,39.5800,29.5600,36.2300,36.2300,191345300
2021-01-26,35.1400,36.8700,34.3200,35.3700,35.3700,65870000
2021-01-27,32.9700,45.0000,32.2500,39.0000,39.0000,170758800
2021-01-28,39.5400,42.0000,33.1000,35.6600,35.6600,85250700
2021-01-29,36.6100,38.0100,34.6600,35.1800,35.1800,42030900
2021-02-01,35.3300,35.6200,32.5800,33.9600,33.9600,43460900
2021-02-02,34.1000,34.2000,30.5000,31.0200,31.0200,69647900
2021-02-03,32.3900,32.9500,31.3800,31.7600,31.7600,35312000
2021-02-04,32.5800,33.1800,31.0500,32.0500,32.0500,31565000
2021-02-05,32.6100,35.2000,31.7500,34.0500,34.0500,62375300
2021-02-08,37.2200,39.2200,35.8900,36.0500,36.0500,72376000
2021-02-09,36.9000,38.2550,36.1300,38.1700,38.1700,44243200
2021-02-10,38.1500,38.2400,35.0000,35.7000,35.7000,45177200
2021-02-11,35.7900,35.9800,32.6100,33.1100,33.1100,52094900
2021-02-12,33.3600,33.6500,31.3400,31.9100,31.9100,60925600
2021-02-16,30.0200,30.4400,27.3000,27.8400,27.8400,180294300
2021-02-17,27.9900,29.7300,27.0000,27.0800,27.0800,151007000
2021-02-18,24.9900,26.3100,24.5000,25.1700,25.1700,313175100
2021-02-19,27.0200,29.9600,26.9000,29.0000,29.0000,320063700
2021-02-22,29.9600,30.1900,27.5360,28.0000,28.0000,183049500
2021-02-23,25.9600,27.4600,23.9000,26.7500,26.7500,145289400
2021-02-24,26.7100,27.2300,25.7500,26.3900,26.3900,90095700
2021-02-25,25.8200,26.4400,23.1500,23.9600,23.9600,161776400
2021-02-26,24.2000,24.5000,22.7000,23.9000,23.9000,119588600
2021-03-01,25.1900,25.9000,24.6200,24.8100,24.8100,85059900
2021-03-02,25.0000,25.5900,24.2600,24.4800,24.4800,73997000
2021-03-03,24.9900,25.1680,23.4300,23.5900,23.5900,79046200
2021-03-04,24.8500,25.5600,23.0500,24.7300,24.7300,161611200
2021-03-05,24.3600,24.6800,20.1800,23.9500,23.9500,173468600
2021-03-08,23.7700,24.5800,22.4000,22.5200,22.5200,94432800
2021-03-09,23.3800,24.7400,23.1000,24.2600,24.2600,99586500
2021-03-10,25.0300,26.2400,24.2700,24.7500,24.7500,103212800
2021-03-11,25.9500,26.8400,25.5800,26.7300,26.7300,84788700
2021-03-12,25.7400,26.9200,25.1800,26.9200,26.9200,58721900
2021-03-15,27.3500,27.4700,26.3100,26.7900,26.7900,56101500
2021-03-16,26.7500,27.1000,25.2300,25.6100,25.6100,73615100
2021-03-17,24.5200,25.7300,24.3000,25.2100,25.2100,77081700
2021-03-18,24.7300,25.1800,23.7800,23.9800,23.9800,57141400
2021-03-19,24.0100,24.5700,23.3900,24.3200,24.3200,57915900
2021-03-22,24.8900,24.9200,23.8600,24.2200,24.2200,46208100
2021-03-23,24.0000,24.1050,23.1000,23.2600,23.2600,50169700
2021-03-24,23.3000,23.4850,21.7500,21.8800,21.8800,69271900
2021-03-25,21.2000,22.8000,21.0500,22.5800,22.5800,74592600
2021-03-26,22.6300,23.0500,21.7600,22.5800,22.5800,57916400
2021-03-29,22.4800,22.5000,21.3900,21.7300,21.7300,57647400
2021-03-30,21.3600,22.0900,20.8600,22.0400,22.0400,52039700
2021-03-31,22.5000,23.8500,22.3800,23.2900,23.2900,61458500
2021-04-01,23.9500,23.9500,22.7300,23.0700,23.0700,51788800
2021-04-05,23.7800,24.4500,23.3400,23.4400,23.4400,65374300
2021-04-06,23.5500,23.6100,22.8300,23.2700,23.2700,41933500
2021-04-07,23.0000,23.5500,22.8100,22.9000,22.9000,32766200
2021-04-08,23.2000,23.6000,22.7400,23.4100,23.4100,35905500
2021-04-09,23.4600,24.3500,23.3700,24.0400,24.0400,54082700
2021-04-12,24.5200,24.5500,22.7300,23.3400,23.3400,68620800
2021-04-13,23.1900,25.6590,23.1200,25.4200,25.4200,83913500
2021-04-14,25.3500,26.2000,23.6500,23.7000,23.7000,108793800
2021-04-15,24.0100,24.0600,22.6900,23.1500,23.1500,58849300
2021-04-16,22.8600,23.2600,22.3000,22.4700,22.4700,46627700
2021-04-19,22.1500,22.3300,21.5300,21.9400,21.9400,45753900
2021-04-20,21.9600,22.5500,21.2400,21.7800,21.7800,47123100
2021-04-21,21.6500,22.6400,21.4300,22.6300,22.6300,42641400
2021-04-22,22.9400,23.5100,22.5100,22.8600,22.8600,51346400
2021-04-23,22.8900,23.5500,22.7400,23.4100,23.4100,32052800
2021-04-26,23.6900,24.2600,23.4600,24.1100,24.1100,33667600
2021-04-27,24.1700,24.2600,23.5700,23.8800,23.8800,27678300
2021-04-28,23.6700,24.1700,23.4200,23.8500,23.8500,22068100
2021-04-29,23.8700,24.1400,22.8100,23.3700,23.3700,36770100
2021-04-30,23.1800,23.5500,22.8400,23.0400,23.0400,24717300
2021-05-03,23.0100,23.0800,22.2100,22.3000,22.3000,33934400
2021-05-04,21.9400,22.2000,20.8700,21.6400,21.6400,63429600
2021-05-05,21.8100,21.9400,20.9700,21.1500,21.1500,39134700
2021-05-06,21.0200,21.0200,19.4100,20.0900,20.0900,92201100
2021-05-07,20.3000,20.7500,19.5800,19.7500,19.7500,63725500
2021-05-10,19.2800,19.3000,18.1800,18.4700,18.4700,104670500
2021-05-11,17.2000,20.3000,17.0550,20.2100,20.2100,203230500
2021-05-12,20.0000,20.0000,18.5100,18.8900,18.8900,128281500
2021-05-13,19.1400,19.4700,17.8200,18.3700,18.3700,87811600
2021-05-14,18.8200,20.2000,18.5300,20.0800,20.0800,79409500
2021-05-17,19.7300,20.4900,19.6300,20.4600,20.4600,50039600
2021-05-18,20.5200,21.6200,20.2600,21.2400,21.2400,59672400
2021-05-19,20.1000,21.0350,19.9400,20.6700,20.6700,45314000
2021-05-20,20.7500,20.8100,20.2800,20.6100,20.6100,46302400
2021-05-21,20.8400,21.1600,20.4700,20.7500,20.7500,35372900
2021-05-24,21.0600,21.5200,20.6750,21.2200,21.2200,46596800
2021-05-25,21.4200,22.1100,21.2800,21.4800,21.4800,49890800
2021-05-26,21.5800,22.2400,21.4900,22.1200,22.1200,42958300
2021-05-27,22.0100,22.7000,21.6500,22.7000,22.7000,76230500
2021-05-28,23.0000,24.7500,22.7600,22.9500,22.9500,111846000
2021-06-01,23.1900,23.3500,22.3600,23.0600,23.0600,52695500
2021-06-02,23.0200,24.8400,22.8200,24.4500,24.4500,86473200
2021-06-03,24.1400,24.2600,23.3400,23.6300,23.6300,48164200
2021-06-04,23.7100,24.4900,23.5000,24.0300,24.0300,42537600
2021-06-07,24.0000,24.7600,23.7900,24.4600,24.4600,49641000
2021-06-08,24.8500,25.2300,23.9300,24.3800,24.3800,53488600
2021-06-09,24.4500,24.7400,24.1700,24.1700,24.1700,36006200
2021-06-10,24.0000,24.3900,23.4400,24.1400,24.1400,35482900
2021-06-11,24.1200,24.7100,24.0300,24.6700,24.6700,33113100
2021-06-14,24.7300,25.1500,24.4700,25.0000,25.0000,51801500
2021-06-15,25.0300,25.5500,24.3900,24.4100,24.4100,46693200
2021-06-16,24.0900,24.9400,23.8600,24.8000,24.8000,58452600
2021-06-17,24.6800,25.4600,24.5500,25.4500,25.4500,64408400
2021-06-18,25.5900,25.9400,25.0200,25.3700,25.3700,65852600
2021-06-21,25.1000,25.5500,24.5100,25.4200,25.4200,54805000
2021-06-22,25.3900,25.5200,24.9600,25.4000,25.4000,46171100
2021-06-23,25.4600,26.3500,25.3400,26.2700,26.2700,53362200
2021-06-24,26.4900,26.7100,26.1700,26.5300,26.5300,48419400
2021-06-25,26.5800,27.0100,26.2450,26.7800,26.7800,140832700
2021-06-28,26.9800,27.5000,26.8600,27.3800,27.3800,42184600
2021-06-29,27.3800,27.4400,26.4400,26.6300,26.6300,38478900
2021-06-30,26.4800,26.9200,26.2100,26.3600,26.3600,28957100
2021-07-01,26.1000,26.1300,24.5900,24.7200,24.7200,55429800
2021-07-02,25.0000,25.3400,24.3300,24.4400,24.4400,29389500
2021-07-06,24.6000,25.2000,24.4700,24.6800,24.6800,28764500
2021-07-07,24.2300,24.2600,22.7200,22.8900,22.8900,66937300
2021-07-08,22.4300,23.2100,22.2500,23.0800,23.0800,34612600
2021-07-09,22.9600,23.3900,22.7600,23.2900,23.2900,22492400
2021-07-12,23.2600,23.4950,22.8800,22.9500,22.9500,23457200
2021-07-13,22.9800,22.9900,22.4200,22.4500,22.4500,24748800
2021-07-14,22.4900,22.6200,21.5100,21.5600,21.5600,33796200
2021-07-15,21.7200,22.0550,21.0100,21.4700,21.4700,31871000
2021-07-16,21.6000,21.7100,21.2400,21.3700,21.3700,19503100
2021-07-19,20.9700,21.6900,20.5500,21.5400,21.5400,30314400
2021-07-20,21.6300,22.3500,21.2200,22.1800,22.1800,22954000
2021-07-21,22.2700,22.6800,22.1200,22.5200,22.5200,20437300
2021-07-22,22.5500,22.6700,21.8800,22.0700,22.0700,17468900
2021-07-23,22.0100,22.0800,21.5100,21.8100,21.8100,17653300
2021-07-26,21.8000,22.3000,21.4800,22.1300,22.1300,16267900
2021-07-27,21.9600,22.1100,21.0900,21.6800,21.6800,23078700
2021-07-28,21.7500,22.6150,21.6900,22.5600,22.5600,25073600
2021-07-29,22.7800,22.8500,22.1400,22.1800,22.1800,19219100
2021-07-30,21.8500,22.4060,21.7100,21.7100,21.7100,15889200
2021-08-02,21.9100,22.3700,21.4800,22.1000,22.1000,21372900
2021-08-03,22.0300,22.2700,21.7100,22.2400,22.2400,17040100
2021-08-04,22.2000,22.5400,22.0700,22.3000,22.3000,15537400
2021-08-05,22.2200,22.7700,22.0200,22.5200,22.5200,18575200
2021-08-06,22.6400,22.6900,21.7900,21.8200,21.8200,24200700
2021-08-09,21.8500,23.2800,21.8000,22.9300,22.9300,35611100
2021-08-10,23.0100,23.5200,22.7800,22.9200,22.9200,25947900
2021-08-11,23.0700,23.1900,22.0900,22.3500,22.3500,34679000
2021-08-12,24.4500,25.7600,23.5850,24.8900,24.8900,189287200
2021-08-13,25.0000,25.1000,24.3100,24.9000,24.9000,52395100
2021-08-16,24.9000,24.9000,23.7700,24.5000,24.5000,45907300
2021-08-17,23.9000,24.5900,23.7400,23.9700,23.9700,35348300
2021-08-18,24.0700,25.9400,23.6800,25.2800,25.2800,92065600
2021-08-19,25.0100,25.6400,24.1400,24.1600,24.1600,67605600
2021-08-20,24.2200,24.4800,23.6600,24.0100,24.0100,52062300
2021-08-23,24.0200,24.9300,23.9000,24.8200,24.8200,35705300
2021-08-24,25.0000,25.3500,24.7600,25.1000,25.1000,37227400
2021-08-25,25.1200,25.1900,24.0700,24.3500,24.3500,54678500
2021-08-26,24.4000,25.4100,24.3600,24.8700,24.8700,46179400
2021-08-27,25.0500,26.0900,24.9100,25.7100,25.7100,52268500
2021-08-30,25.7400,26.6000,25.6200,25.7600,25.7600,44139300
2021-08-31,25.7900,26.3600,25.6600,26.3400,26.3400,93168600
2021-09-01,26.4600,26.5100,26.0300,26.2000,26.2000,34417200
2021-09-02,26.2100,26.8700,26.0900,26.5100,26.5100,38460100
2021-09-03,26.4900,26.7500,26.2200,26.6400,26.6400,26609500
2021-09-07,26.7900,26.8800,26.2700,26.7000,26.7000,35835100
2021-09-08,26.6000,26.6100,24.9600,25.5800,25.5800,54394400
2021-09-09,25.3900,26.2400,25.2900,26.1300,26.1300,34190800
2021-09-10,26.1800,26.7300,26.1700,26.2800,26.2800,37307800
2021-09-13,26.1500,26.2390,25.0300,25.8300,25.8300,42372300
2021-09-14,25.9700,26.7000,25.9000,26.2600,26.2600,34569000
2021-09-15,26.3000,27.1500,26.0300,27.0800,27.0800,49555500
2021-09-16,27.2000,28.7900,27.0200,28.6300,28.6300,109992000
2021-09-17,28.6600,29.2900,28.0700,28.7100,28.7100,182052600
2021-09-20,27.5700,28.1000,26.0600,26.5500,26.5500,89413500
2021-09-21,26.8900,27.1490,26.0800,26.6200,26.6200,50933600
2021-09-22,26.6100,27.7700,26.5820,27.4300,27.4300,44308100
2021-09-23,27.7100,29.1900,27.6700,28.7700,28.7700,60028600
2021-09-24,28.2700,28.7600,27.9010,28.5600,28.5600,40309700
2021-09-27,28.2300,28.3800,27.2300,27.4700,27.4700,44102800
2021-09-28,27.0200,27.1300,25.2100,25.3400,25.3400,64206200
2021-09-29,25.6100,25.7000,24.4200,24.5200,24.5200,46164500
2021-09-30,24.6900,25.0500,23.8800,24.0400,24.0400,59505600
2021-10-01,24.2100,24.3600,23.7200,24.3300,24.3300,32778000
2021-10-04,24.0100,24.0500,23.0200,23.1700,23.1700,46789700
2021-10-05,23.2100,23.8800,23.0700,23.2100,23.2100,56574800
2021-10-06,24.9100,25.0100,23.3500,23.5800,23.5800,125175700
2021-10-07,23.7100,24.1300,23.5400,23.7300,23.7300,38873700
2021-10-08,23.8600,24.0960,23.1100,23.5000,23.5000,39713400
2021-10-11,23.2600,23.9800,23.2600,23.5300,23.5300,23971700
2021-10-12,23.5500,23.8100,23.2900,23.6900,23.6900,26280000
2021-10-13,23.8300,24.3100,23.7900,24.1300,24.1300,28494000
2021-10-14,24.4300,24.7100,24.2050,24.3500,24.3500,26106700
2021-10-15,24.5000,24.5200,23.8300,24.0000,24.0000,24366100
2021-10-18,24.0000,24.3900,23.9200,24.2600,24.2600,25609900
2021-10-19,24.5000,25.2000,24.3600,24.6900,24.6900,29393900
2021-10-20,24.7900,24.9600,24.1700,24.2200,24.2200,24248000
2021-10-21,24.1300,24.9300,24.0800,24.7800,24.7800,23976600
2021-10-22,24.4900,24.8500,24.2500,24.4300,24.4300,20166800
2021-10-25,24.5000,25.5400,24.4800,25.4100,25.4100,33962100
2021-10-26,25.9900,26.7500,25.2500,25.5200,25.5200,56767000
2021-10-27,25.6400,25.9000,25.0200,25.0600,25.0600,24157200
2021-10-28,25.3000,25.7950,25.1200,25.6400,25.6400,21203000
2021-10-29,25.5000,26.1200,25.4500,25.8800,25.8800,21910300
2021-11-01,26.1100,26.6450,25.8830,26.5600,26.5600,26684700
2021-11-02,26.5600,26.7200,25.5550,25.9200,25.9200,30794600
2021-11-03,25.8900,26.2350,25.1700,26.1200,26.1200,25244200
2021-11-04,26.2600,26.5700,25.8700,26.4700,26.4700,25029700
2021-11-05,26.4500,26.6300,25.7200,26.0000,26.0000,26005000
2021-11-08,26.2500,27.1100,26.1200,26.7500,26.7500,41359600
2021-11-09,25.9000,25.9800,23.9500,24.2500,24.2500,117540200
2021-11-10,23.6000,23.6400,22.1200,22.5200,22.5200,94860100
2021-11-11,23.0400,23.1300,22.6650,22.9900,22.9900,43381500
2021-11-12,23.0200,23.2250,22.3800,22.8300,22.8300,53516200
2021-11-15,23.0000,23.5200,22.9500,23.4100,23.4100,33225700
2021-11-16,23.2900,23.2900,22.6100,23.1300,23.1300,31574800
2021-11-17,23.0500,23.2190,22.4000,22.4900,22.4900,27994100
2021-11-18,22.5000,22.5500,21.3420,21.5000,21.5000,51039900
2021-11-19,21.6000,21.9600,21.3000,21.4100,21.4100,30013100
2021-11-22,21.5300,21.5700,20.1800,20.6500,20.6500,59899100
2021-11-23,20.5900,21.0500,20.0500,20.5900,20.5900,44588000
2021-11-24,20.3500,21.2000,20.0600,21.1100,21.1100,35233900
2021-11-26,20.4100,21.0900,20.3490,21.0300,21.0300,20691200
2021-11-29,21.1900,21.4000,20.5600,21.0700,21.0700,29114000
2021-11-30,20.9500,21.2500,20.1100,20.6500,20.6500,38196400
2021-12-01,20.5300,20.8900,19.2900,19.3800,19.3800,48283700
2021-12-02,19.3000,19.9100,19.0600,19.6900,19.6900,45802900
2021-12-03,19.5000,19.5300,18.4000,18.9800,18.9800,56039600
2021-12-06,18.5400,18.9700,18.0750,18.8000,18.8000,56459800
2021-12-07,19.2600,19.8550,19.0700,19.4600,19.4600,35129000
2021-12-08,19.5100,19.8250,19.0300,19.8200,19.8200,28425900
2021-12-09,19.9500,20.1500,19.0400,19.2100,19.2100,30354700
2021-12-10,19.2800,19.5800,18.7000,18.9400,18.9400,27594500
2021-12-13,18.8000,19.0750,18.1700,18.4000,18.4000,38376000
2021-12-14,18.0000,18.8590,17.9100,18.6400,18.6400,38864800
2021-12-15,18.3700,18.9400,17.9950,18.8600,18.8600,39361900
2021-12-16,18.9600,19.1200,18.1500,18.3400,18.3400,33950000
2021-12-17,18.0300,19.1000,17.8100,19.0600,19.0600,44495200
2021-12-20,18.5900,18.6700,17.8350,17.9600,17.9600,42265900
2021-12-21,18.1600,18.9800,18.1000,18.9000,18.9000,33878600
2021-12-22,18.6500,19.4500,18.6500,18.8800,18.8800,33894200
2021-12-23,18.8500,19.1350,18.7200,18.9300,18.9300,24758300
2021-12-27,18.7800,19.2500,18.7800,18.9400,18.9400,21782000
2021-12-28,18.8900,19.0700,18.4400,18.5700,18.5700,20518800
2021-12-29,18.5300,18.6000,17.9100,18.1700,18.1700,28217500
2021-12-30,18.1000,18.9950,18.0700,18.6900,18.6900,29285200
2021-12-31,18.6100,18.9200,18.2100,18.2100,18.2100,23556000
2022-01-03,18.3600,18.5690,17.8600,18.5300,18.5300,34283600
2022-01-04,18.6100,18.8400,17.7900,18.1700,18.1700,39643200
2022-01-05,18.0300,18.5680,16.8700,16.9600,16.9600,58445900
2022-01-06,16.8700,17.1800,16.0550,16.7400,16.7400,49737100
2022-01-07,16.7000,17.3300,16.4750,16.5600,16.5600,37989300
2022-01-10,16.1900,16.5700,15.3500,16.5000,16.5000,77649400
2022-01-11,16.4000,17.2500,16.3200,16.8900,16.8900,47442600
2022-01-12,17.1600,17.4600,16.4000,16.7200,16.7200,39784200
2022-01-13,16.8000,16.8200,15.9400,16.0100,16.0100,35492200
2022-01-14,15.9400,16.2490,15.6200,16.0100,16.0100,35624900
2022-01-18,15.4500,15.7500,14.9200,14.9700,14.9700,49067700
2022-01-19,14.9000,15.2500,14.5400,14.5600,14.5600,48049100
2022-01-20,14.8900,15.5500,14.5700,14.6200,14.6200,44690400
2022-01-21,14.2500,14.4780,13.5000,13.5300,13.5300,73031300
2022-01-24,12.7900,13.4100,11.7500,13.4000,13.4000,110518900
2022-01-25,13.1200,13.6000,12.8300,13.0600,13.0600,47456600
2022-01-26,13.6000,13.8200,12.6800,12.7500,12.7500,69949700
2022-01-27,13.0100,13.0600,12.2000,12.2800,12.2800,52622900
2022-01-28,12.3000,12.8800,11.8900,12.7100,12.7100,54887500
2022-01-31,12.7700,13.7400,12.7600,13.7100,13.7100,51039300
2022-02-01,14.2300,14.3700,13.5600,14.2000,14.2000,69012900
2022-02-02,14.0900,14.2000,13.1900,13.3200,13.3200,47204300
2022-02-03,12.9500,13.3200,12.4200,12.4500,12.4500,47236900
2022-02-04,12.4700,13.0900,12.2650,12.9400,12.9400,38989200
2022-02-07,13.0250,13.6000,12.9400,12.9800,12.9800,45646100
2022-02-08,12.7500,13.1890,12.6200,13.1500,13.1500,30317100
2022-02-09,13.2900,13.8900,13.2600,13.8700,13.8700,34451900
2022-02-10,13.5000,14.1650,13.3700,13.5600,13.5600,41998200
2022-02-11,13.4500,13.9200,12.9700,13.1300,13.1300,41831600
2022-02-14,13.1000,13.7950,12.9800,13.2600,13.2600,40617900
2022-02-15,13.5200,14.1850,13.4100,14.1700,14.1700,48523700
2022-02-16,13.9100,14.2600,13.6600,13.9700,13.9700,58624400
2022-02-17,12.3900,12.7000,11.7000,11.7700,11.7700,151385400
2022-02-18,11.9200,12.0100,10.5700,11.0200,11.0200,137808100
2022-02-22,10.7000,11.1850,10.3000,10.4800,10.4800,104501500
2022-02-23,10.8300,11.2600,10.4000,10.4300,10.4300,93964500
2022-02-24,9.7500,11.8700,9.7400,11.8300,11.8300,118793000
2022-02-25,11.5900,11.8900,11.0000,11.4700,11.4700,75433700
2022-02-28,11.9600,12.1800,11.3900,11.8500,11.8500,75390500
2022-03-01,11.9900,12.5200,11.7100,12.1800,12.1800,64867200
2022-03-02,12.2100,12.2100,11.4200,12.0600,12.0600,56698300
2022-03-03,12.0100,12.0550,11.2350,11.3400,11.3400,46172000
2022-03-04,11.7000,11.7700,10.7400,10.9600,10.9600,43502200
2022-03-07,11.4300,11.7500,11.1000,11.1100,11.1100,63070600
2022-03-08,10.9300,11.3900,10.7190,11.0400,11.0400,49279600
2022-03-09,11.4100,12.0200,11.2700,11.6500,11.6500,43591400
2022-03-10,11.3800,11.9700,11.3200,11.8700,11.8700,52295400
2022-03-11,11.8600,12.0050,11.3700,11.3900,11.3900,37817400
2022-03-14,11.1700,11.4100,10.4100,10.5000,10.5000,49762600
2022-03-15,10.4700,10.8500,10.2700,10.7700,10.7700,40451200
2022-03-16,10.9500,11.8200,10.9400,11.7900,11.7900,62746600
2022-03-17,11.7200,12.3700,11.6600,12.3200,12.3200,43948900
2022-03-18,12.2800,13.0200,12.2150,12.8200,12.8200,59125500
2022-03-21,12.7200,13.0500,12.4200,12.5900,12.5900,39410900
2022-03-22,12.5200,13.4800,12.5200,13.2700,13.2700,46210700
2022-03-23,13.1600,13.5500,13.0200,13.1800,13.1800,33699400
2022-03-24,13.2500,13.4200,12.8300,13.3900,13.3900,29535300
2022-03-25,13.3600,13.3950,12.7100,12.9700,12.9700,24796900
2022-03-28,13.0100,13.4400,12.8550,13.4200,13.4200,27152000
2022-03-29,13.6500,14.2800,13.3500,14.2000,14.2000,46433700
2022-03-30,14.0400,14.3600,13.7400,13.8800,13.8800,32164000
2022-03-31,13.9000,14.0600,13.6300,13.7300,13.7300,22840000
2022-04-01,13.7700,14.0650,13.5000,13.8300,13.8300,23831600
2022-04-04,14.0300,14.6600,14.0200,14.6300,14.6300,40066800
2022-04-05,14.6100,14.8600,13.7950,13.8900,13.8900,37677300
2022-04-06,13.5200,13.5400,12.8500,13.0000,13.0000,40647700
2022-04-07,12.9500,13.3400,12.4800,12.8400,12.8400,34727400
2022-04-08,12.7000,13.0500,12.5700,12.7000,12.7000,24962500
2022-04-11,12.4500,12.8200,12.1300,12.6600,12.6600,26095800
2022-04-12,12.8800,13.2000,12.4250,12.4600,12.4600,26226500
2022-04-13,12.3500,12.9400,12.2310,12.9000,12.9000,21152900
2022-04-14,12.9200,12.9200,12.4100,12.4200,12.4200,23284100
2022-04-18,12.3500,12.4150,11.8800,12.1500,12.1500,25395600
2022-04-19,12.0800,13.0200,12.0700,12.9100,12.9100,31753900
2022-04-20,13.0800,13.1700,12.7400,12.7900,12.7900,31528600
2022-04-21,13.0200,13.3300,12.2250,12.3300,12.3300,32009000
2022-04-22,12.3300,12.7300,11.8600,11.9600,11.9600,30386100
2022-04-25,11.8300,12.1600,11.6800,12.1100,12.1100,31727600
2022-04-26,11.9400,12.0500,11.1000,11.1200,11.1200,38666500
2022-04-27,11.0100,11.1950,10.5300,10.5600,10.5600,54508500
2022-04-28,10.6900,11.0450,10.3700,10.9500,10.9500,40074500
2022-04-29,10.9000,11.2300,10.3600,10.4000,10.4000,30937500
2022-05-02,10.3800,10.7550,10.1800,10.7400,10.7400,41193800
2022-05-03,10.6900,10.9800,10.4400,10.5500,10.5500,31372700
2022-05-04,10.5300,11.0100,10.0800,10.9800,10.9800,43239900
2022-05-05,10.8000,10.8000,9.9800,10.1200,10.1200,40523600
2022-05-06,10.0000,10.0500,9.4200,9.4800,9.4800,69691300
2022-05-09,7.7800,7.8500,7.3200,7.4600,7.4600,170871700
2022-05-10,7.5600,7.7030,6.9300,7.2900,7.2900,86932400
2022-05-11,7.2800,7.5400,6.6600,6.7100,6.7100,72894900
2022-05-12,6.5500,7.3800,6.4400,7.3400,7.3400,82147300
2022-05-13,7.5200,8.3500,7.5200,8.3400,8.3400,69242700
2022-05-16,8.1700,8.4300,8.0100,8.0400,8.0400,46153200
2022-05-17,8.1000,8.4600,8.0100,8.3600,8.3600,38620800
2022-05-18,8.2100,8.4300,7.9200,8.0100,8.0100,29304600
2022-05-19,7.9700,8.5810,7.9450,8.3100,8.3100,35780900
2022-05-20,8.2600,8.4000,7.7100,8.0800,8.0800,40879100
2022-05-23,8.0100,8.1700,7.8000,8.0100,8.0100,27755200
2022-05-24,7.9800,7.9900,7.3700,7.5500,7.5500,47218700
2022-05-25,7.5200,8.0180,7.5100,7.9600,7.9600,35068900
2022-05-26,7.8400,8.4000,7.7700,8.3600,8.3600,39738900
2022-05-27,8.5000,8.8500,8.4340,8.8500,8.8500,37064000
2022-05-31,8.9700,9.1000,8.5600,8.6800,8.6800,41672300
2022-06-01,8.7200,8.9790,8.3800,8.4600,8.4600,34438100
2022-06-02,8.5400,9.3900,8.4610,9.3000,9.3000,41347000
2022-06-03,9.0400,9.2500,8.8600,8.9400,8.9400,36632300
2022-06-06,9.1100,9.2100,8.7800,8.9800,8.9800,35101100
2022-06-07,8.8900,9.1400,8.7300,9.1300,9.1300,28049400
2022-06-08,9.1800,9.4200,9.0900,9.1800,9.1800,29056300
2022-06-09,9.1300,9.1600,8.6700,8.6800,8.6800,30527400
2022-06-10,8.4800,8.5800,8.1400,8.2600,8.2600,30225800
2022-06-13,7.9900,8.0000,7.5000,7.6400,7.6400,40943000
2022-06-14,7.7350,7.9800,7.5850,7.8200,7.8200,30564100
2022-06-15,7.9200,8.3000,7.8150,8.1200,8.1200,38235300
2022-06-16,7.8400,7.9850,7.5800,7.6700,7.6700,36793500
2022-06-17,7.7000,8.3300,7.6900,8.2400,8.2400,45518000
2022-06-21,8.5900,9.0500,8.5600,8.7100,8.7100,48887600
2022-06-22,8.5200,9.2850,8.4500,9.0100,9.0100,43430600
2022-06-23,9.0200,9.5000,8.8400,9.4600,9.4600,44618000
2022-06-24,9.5300,10.2000,9.4800,10.1900,10.1900,67826000
2022-06-27,10.1500,10.1600,9.5100,9.6200,9.6200,44768000
2022-06-28,9.5700,9.8800,9.1900,9.3100,9.3100,45589000
2022-06-29,9.3500,9.4200,9.0700,9.2300,9.2300,40408700
2022-06-30,9.0200,9.1900,8.7200,9.0700,9.0700,33636400
2022-07-01,9.1100,9.4300,9.0310,9.2700,9.2700,33504400
2022-07-05,9.1400,10.1000,9.0000,10.0700,10.0700,55854800
2022-07-06,10.0100,10.3100,9.7400,9.8000,9.8000,54604300
2022-07-07,9.7600,10.2800,9.7500,10.1800,10.1800,35672500
2022-07-08,9.9200,10.3800,9.8300,10.1700,10.1700,36737100
2022-07-11,9.9800,9.9940,9.5300,9.5600,9.5600,34015100
2022-07-12,9.6600,9.9600,9.2700,9.4900,9.4900,42765800
2022-07-13,9.2200,9.5500,9.0500,9.2800,9.2800,32461300
2022-07-14,9.2300,9.2800,8.8500,8.9000,8.9000,26702100
2022-07-15,9.0100,9.1200,8.6500,9.0400,9.0400,34918100
2022-07-18,9.2500,9.4500,9.0050,9.0300,9.0300,32428400
2022-07-19,9.1500,9.3700,8.8900,9.3400,9.3400,29033800
2022-07-20,9.4400,10.2000,9.4400,10.1100,10.1100,40845200
2022-07-21,10.3700,10.7600,10.2200,10.4900,10.4900,51691200
2022-07-22,10.3500,10.5700,9.7300,9.8400,9.8400,38915500
2022-07-25,9.8300,9.8500,9.5200,9.6800,9.6800,21485000
2022-07-26,9.6600,9.6600,9.3800,9.4000,9.4000,21997800
2022-07-27,9.6700,10.0300,9.5000,10.0200,10.0200,29810900
2022-07-28,10.0300,10.2000,9.7400,10.1300,10.1300,27172900
2022-07-29,10.0100,10.3500,9.9200,10.3500,10.3500,31106600
2022-08-01,10.2500,10.7000,10.1220,10.4700,10.4700,31694700
2022-08-02,10.3200,11.2300,10.2600,10.9200,10.9200,40958800
2022-08-03,11.0800,11.3400,11.0400,11.2000,11.2000,35796500
2022-08-04,11.1900,11.4100,11.0300,11.3200,11.3200,32093400
2022-08-05,11.0100,11.6200,10.8500,11.4500,11.4500,50264800
2022-08-08,9.7700,10.4000,9.7100,9.8200,9.8200,125272600
2022-08-09,9.5400,9.5700,9.0100,9.2500,9.2500,58788900
2022-08-10,9.5100,9.6600,9.3200,9.5900,9.5900,46054900
2022-08-11,9.7600,10.0500,9.4000,9.4200,9.4200,44790900
2022-08-12,9.5500,9.9700,9.4200,9.9100,9.9100,30638200
2022-08-15,9.8200,10.1000,9.7600,9.9100,9.9100,33263400
2022-08-16,9.8500,9.8800,9.3600,9.7400,9.7400,40603900
2022-08-17,9.5600,9.6190,9.3300,9.4300,9.4300,33933600
2022-08-18,9.4200,9.4700,9.1200,9.1500,9.1500,26365600
2022-08-19,9.0000,9.0100,8.4800,8.5100,8.5100,40560200
2022-08-22,8.3200,8.4000,8.0600,8.0700,8.0700,37824900
2022-08-23,8.1000,8.2800,8.0000,8.0100,8.0100,25658500
2022-08-24,8.0400,8.3600,7.9800,8.1000,8.1000,26576400
2022-08-25,8.2200,8.4300,8.0500,8.4200,8.4200,25635600
2022-08-26,8.4200,8.4300,7.9300,7.9400,7.9400,34150400
2022-08-29,7.8200,7.9980,7.7600,7.8100,7.8100,28566200
2022-08-30,7.9300,7.9750,7.6800,7.7900,7.7900,27189200
2022-08-31,7.9500,8.0000,7.7000,7.7200,7.7200,28691500
2022-09-01,7.6100,7.6200,7.2200,7.4900,7.4900,39079700
2022-09-02,7.6700,7.6700,7.3500,7.4000,7.4000,25965000
2022-09-06,7.4500,7.4600,7.1700,7.2800,7.2800,30429400
2022-09-07,7.2700,7.4300,7.1800,7.3900,7.3900,30330000
2022-09-08,7.3300,7.5300,7.2700,7.5300,7.5300,26303600
2022-09-09,7.6800,7.8200,7.6400,7.7900,7.7900,27822300
2022-09-12,7.8600,8.0300,7.8200,8.0100,8.0100,30544800
2022-09-13,7.6300,7.6600,7.4500,7.4800,7.4800,29770700
2022-09-14,7.4500,7.6300,7.3300,7.6300,7.6300,29422500
2022-09-15,7.4700,8.1000,7.4500,8.0100,8.0100,51700600
2022-09-16,7.7500,7.9300,7.6400,7.7800,7.7800,42155500
2022-09-19,7.6400,7.8600,7.5800,7.8600,7.8600,29238800
2022-09-20,7.7800,7.9150,7.6000,7.6200,7.6200,30349600
2022-09-21,7.7200,8.0700,7.6550,7.6900,7.6900,36814500
2022-09-22,7.7400,7.7400,7.2400,7.3700,7.3700,49138300
2022-09-23,7.2000,7.4200,7.1300,7.4000,7.4000,34197300
2022-09-26,7.3500,7.8300,7.3500,7.5300,7.5300,45429800
2022-09-27,7.6900,7.8350,7.4600,7.6300,7.6300,31794700
2022-09-28,7.6300,8.0000,7.6200,7.9400,7.9400,31955900
2022-09-29,8.0500,8.3300,7.7800,8.0800,8.0800,57845800
2022-09-30,8.0100,8.5000,7.9710,8.1300,8.1300,47454800
2022-10-03,8.1450,8.3000,7.9700,8.2400,8.2400,35524000
2022-10-04,8.4800,8.6100,8.3400,8.4600,8.4600,36313300
2022-10-05,8.2600,8.4850,8.0750,8.4200,8.4200,37790200
2022-10-06,8.4000,8.6000,8.3150,8.4700,8.4700,27653400
2022-10-07,8.2600,8.2800,8.1100,8.1500,8.1500,29550500
2022-10-10,8.1700,8.1800,7.8800,8.0600,8.0600,26923300
2022-10-11,7.9900,8.2950,7.7000,8.0400,8.0400,40775800
2022-10-12,8.0600,8.1000,7.8200,8.0700,8.0700,30201600
2022-10-13,7.7400,8.2000,7.5650,8.0800,8.0800,36040900
2022-10-14,8.2300,8.3100,7.5300,7.5300,7.5300,37430100
2022-10-17,7.7100,8.0600,7.6900,7.9400,7.9400,31751700
2022-10-18,8.1500,8.3300,8.0400,8.1600,8.1600,37120400
2022-10-19,8.0600,8.1250,7.8450,7.9100,7.9100,26594000
2022-10-20,7.7300,8.2600,7.7300,8.0400,8.0400,26689500
2022-10-21,7.9300,8.3200,7.8100,8.2900,8.2900,30705700
2022-10-24,8.3000,8.3000,8.0100,8.2700,8.2700,28062200
2022-10-25,8.3600,8.6600,8.3600,8.6600,8.6600,31001500
2022-10-26,8.4800,9.0500,8.3900,8.5700,8.5700,33530900
2022-10-27,8.6800,8.7800,8.4600,8.6000,8.6000,28940800
2022-10-28,8.5500,8.6600,8.3650,8.6400,8.6400,20697400
2022-10-31,8.5900,8.8300,8.4300,8.7900,8.7900,31376100
2022-11-01,8.9900,9.0600,8.5600,8.6500,8.6500,29800000
2022-11-02,8.7000,8.7600,8.2000,8.2200,8.2200,36042600
2022-11-03,8.0700,8.3000,7.8700,8.0800,8.0800,36419500
2022-11-04,8.1900,8.2000,7.6500,7.9300,7.9300,64338900
2022-11-07,7.7800,7.8500,6.8900,7.0200,7.0200,99332800
2022-11-08,7.0800,7.4200,6.9100,7.2100,7.2100,56353900
2022-11-09,7.1200,7.1850,6.9500,6.9800,6.9800,42517300
2022-11-10,7.4600,7.9700,7.4300,7.6400,7.6400,58579800
2022-11-11,7.4800,8.4200,7.3750,8.4100,8.4100,55324100
2022-11-14,8.1800,8.3200,7.9530,8.1000,8.1000,37402700
2022-11-15,8.4500,8.4700,8.1550,8.3400,8.3400,34454100
2022-11-16,8.1800,8.2400,8.0000,8.0600,8.0600,28436000
2022-11-17,7.8300,7.8800,7.5250,7.6200,7.6200,33746500
2022-11-18,7.7600,7.7900,7.3100,7.3900,7.3900,27245200
2022-11-21,7.3100,7.3200,7.0700,7.1900,7.1900,36605600
2022-11-22,7.1800,7.2500,6.9800,7.2200,7.2200,27327800
2022-11-23,7.2500,7.4200,7.1200,7.3700,7.3700,24182900
2022-11-25,7.3200,7.3390,7.1900,7.2800,7.2800,10824400
2022-11-28,7.2300,7.4000,7.1500,7.1600,7.1600,19438000
2022-11-29,7.2000,7.3000,7.0500,7.0800,7.0800,22150800
2022-11-30,7.1400,7.5100,7.0330,7.5000,7.5000,32745700
2022-12-01,7.5100,7.8800,7.4700,7.8600,7.8600,34424400
2022-12-02,7.6150,7.7600,7.5000,7.6600,7.6600,18794000
2022-12-05,7.6200,7.6950,7.1050,7.1900,7.1900,32158200
2022-12-06,7.1900,7.1950,6.8800,6.9900,6.9900,32868100
2022-12-07,7.0800,7.3500,7.0200,7.0700,7.0700,28351600
2022-12-08,7.1000,7.2700,6.9400,7.1200,7.1200,23107700
2022-12-09,7.0600,7.1900,7.0300,7.1100,7.1100,23367300
2022-12-12,7.1100,7.3100,7.0900,7.2900,7.2900,22672400
2022-12-13,7.7300,7.9700,7.4900,7.5000,7.5000,41033800
2022-12-14,7.5000,7.6000,7.2650,7.3500,7.3500,22653800
2022-12-15,7.1700,7.2980,7.0100,7.0100,7.0100,25417100
2022-12-16,7.0200,7.0800,6.7600,6.9000,6.9000,32655600
2022-12-19,6.8000,6.8300,6.3200,6.3500,6.3500,41511600
2022-12-20,6.2900,6.5400,6.2000,6.3100,6.3100,30215600
2022-12-21,6.2400,6.5200,6.0400,6.5000,6.5000,34408600
2022-12-22,6.3700,6.3800,6.1800,6.3200,6.3200,28066000
2022-12-23,6.2700,6.3000,6.0700,6.2900,6.2900,20419000
2022-12-27,6.1500,6.2200,5.9200,6.0000,6.0000,34573300
2022-12-28,5.9800,6.1700,5.9500,6.0700,6.0700,30096800
2022-12-29,6.1000,6.5250,6.1000,6.4000,6.4000,42694200
2022-12-30,6.1900,6.4200,6.1900,6.4200,6.4200,27830900
2023-01-03,6.5800,6.6400,6.2750,6.3900,6.3900,29969900
2023-01-04,6.4800,6.6750,6.3700,6.5800,6.5800,31660500
2023-01-05,6.4500,6.4900,6.2500,6.3200,6.3200,34186000
2023-01-06,6.4000,6.4500,6.0900,6.4000,6.4000,30596400
2023-01-09,6.4900,6.6700,6.4000,6.5000,6.5000,31028900
2023-01-10,6.5000,6.7200,6.4900,6.7000,6.7000,28236600
2023-01-11,6.8400,6.9900,6.7600,6.9800,6.9800,25936700
2023-01-12,7.0100,7.0500,6.7800,7.0100,7.0100,30152500
2023-01-13,6.8400,7.0100,6.8100,6.9600,6.9600,20981000
2023-01-17,6.9900,7.1500,6.7300,7.0700,7.0700,30910300
2023-01-18,7.1550,7.3000,6.8800,6.9000,6.9000,32743400
2023-01-19,6.8000,6.8950,6.6700,6.7300,6.7300,24841700
2023-01-20,6.7600,7.0600,6.7200,7.0200,7.0200,28751700
2023-01-23,7.0300,7.4100,6.9910,7.3800,7.3800,31633300
2023-01-24,7.0000,7.4200,7.0000,7.0200,7.0200,22649500
2023-01-25,6.9200,7.2700,6.6900,7.2200,7.2200,37147900
2023-01-26,7.3700,7.4500,7.0400,7.2400,7.2400,28005600
2023-01-27,7.1900,7.7300,7.1400,7.5500,7.5500,37555200
2023-01-30,7.5000,7.6100,7.3600,7.3700,7.3700,28567800
2023-01-31,7.4100,7.8200,7.3800,7.7800,7.7800,40984000
2023-02-01,7.7300,8.2200,7.6800,8.2000,8.2000,50123700
2023-02-02,8.5100,9.2100,8.4700,8.9900,8.9900,71889700
2023-02-03,8.5400,8.9000,8.3730,8.4100,8.4100,64785500
2023-02-06,8.3100,8.5350,8.2400,8.3100,8.3100,38845500
2023-02-07,8.3300,8.4100,8.0600,8.3300,8.3300,42201800
2023-02-08,8.2500,8.5700,8.1700,8.2200,8.2200,35105500
2023-02-09,8.3400,8.4300,7.9400,7.9500,7.9500,33366700
2023-02-10,7.7900,7.8600,7.4600,7.5100,7.5100,43042400
2023-02-13,7.5800,7.7750,7.4500,7.6100,7.6100,87397100
2023-02-14,8.5900,9.2950,8.2300,9.2200,9.2200,216055200
2023-02-15,9.1600,10.2300,9.1100,10.1100,10.1100,153210400
2023-02-16,9.6500,10.3100,9.6000,9.7100,9.7100,88638800
2023-02-17,9.5700,9.7100,9.0850,9.2000,9.2000,62137800
2023-02-21,9.0100,9.1000,8.4000,8.4700,8.4700,65226600
2023-02-22,8.4800,8.6250,8.1600,8.3600,8.3600,55346000
2023-02-23,8.4200,8.4800,7.9100,8.1700,8.1700,60015500
2023-02-24,7.9400,8.2000,7.8700,8.0900,8.0900,41518600
2023-02-27,8.1200,8.2300,7.9600,8.0300,8.0300,35270000
2023-02-28,7.9600,8.0970,7.8000,7.8400,7.8400,32937000
2023-03-01,7.8300,7.9100,7.6900,7.6900,7.6900,27939100
2023-03-02,7.5900,8.0300,7.5600,7.9700,7.9700,36538700
2023-03-03,8.0000,8.5000,8.0000,8.3300,8.3300,43229100
2023-03-06,8.3400,8.4500,8.2000,8.2800,8.2800,28316200
2023-03-07,8.2750,8.4250,8.1900,8.2800,8.2800,26819600
2023-03-08,8.3600,8.5800,8.0600,8.1300,8.1300,38723600
2023-03-09,8.0700,8.2600,7.6800,7.6900,7.6900,29005900
2023-03-10,7.5900,7.6800,7.2800,7.3500,7.3500,41953600
2023-03-13,7.2900,8.1500,7.1900,7.8700,7.8700,63183500
2023-03-14,8.0500,8.1400,7.7800,7.8900,7.8900,33460100
2023-03-15,7.8100,7.9900,7.7000,7.9000,7.9000,28217400
2023-03-16,8.0100,8.0800,7.8600,7.9800,7.9800,20255400
2023-03-17,7.9300,8.0300,7.8400,7.8800,7.8800,20920800
2023-03-20,7.7650,8.0950,7.7200,8.0800,8.0800,25497400
2023-03-21,8.2000,8.5100,8.1700,8.4500,8.4500,27104500
2023-03-22,8.4400,8.6200,8.2000,8.2100,8.2100,34151000
2023-03-23,8.3200,8.5600,8.1600,8.3300,8.3300,22662200
2023-03-24,8.2900,8.3500,8.0600,8.2000,8.2000,17901200
2023-03-27,8.1500,8.3200,7.9400,8.0400,8.0400,20666800
2023-03-28,8.0600,8.1200,7.9700,8.0000,8.0000,14860500
2023-03-29,8.0900,8.2500,8.0510,8.2200,8.2200,15339700
2023-03-30,8.3300,8.3800,8.0500,8.1500,8.1500,21001600
2023-03-31,8.1500,8.4800,8.0800,8.4500,8.4500,26174800
2023-04-03,8.3700,8.5300,8.2100,8.3800,8.3800,22512000
2023-04-04,8.5300,8.5400,8.2300,8.3500,8.3500,23961200
2023-04-05,8.6300,8.6500,7.8400,7.9800,7.9800,54946900
2023-04-06,7.8800,8.1400,7.7900,8.0900,8.0900,23488600
2023-04-10,8.0000,8.4400,7.9000,8.3900,8.3900,29184700
2023-04-11,8.3500,8.7900,8.3400,8.6100,8.6100,35617900
2023-04-12,8.7500,8.7750,8.3000,8.3300,8.3300,28771300
2023-04-13,8.5000,8.7000,8.4300,8.5800,8.5800,27983300
2023-04-14,8.5300,8.9100,8.4700,8.8100,8.8100,42364500
2023-04-17,8.8100,9.0400,8.7800,8.8000,8.8000,26047500
2023-04-18,8.9300,9.0200,8.7200,8.7300,8.7300,21185300
2023-04-19,8.5800,8.6580,8.4800,8.4900,8.4900,18193700
2023-04-20,8.2900,8.5000,8.1300,8.1500,8.1500,23573000
2023-04-21,8.1400,8.2200,8.0900,8.1800,8.1800,14896700
2023-04-24,8.1600,8.2500,7.9400,8.1000,8.1000,20439300
2023-04-25,8.0000,8.0200,7.7300,7.7400,7.7400,21849100
2023-04-26,7.8700,7.9100,7.6500,7.7400,7.7400,21396700
2023-04-27,7.8300,7.9100,7.7200,7.8200,7.8200,21385500
2023-04-28,7.7700,8.0000,7.6200,7.7500,7.7500,24924400
2023-05-01,7.7500,7.8200,7.6600,7.7800,7.7800,19134200
2023-05-02,7.7200,7.9100,7.4300,7.5900,7.5900,38008000
2023-05-03,7.6200,7.6800,7.4500,7.5600,7.5600,24322400
2023-05-04,7.4700,7.5200,7.2800,7.3800,7.3800,29989300
2023-05-05,7.4400,7.5500,7.3200,7.4100,7.4100,45848800
2023-05-08,7.6400,7.8550,7.5900,7.7400,7.7400,105304000
2023-05-09,9.2200,9.6900,8.6550,9.5500,9.5500,223573300
2023-05-10,9.7300,10.3000,9.4600,9.9400,9.9400,149375000
2023-05-11,10.1400,10.1590,9.7100,9.8800,9.8800,73754100
2023-05-12,9.8600,10.0100,9.4700,9.5000,9.5000,62123900
2023-05-15,9.2100,9.6000,9.0200,9.5200,9.5200,53555500
2023-05-16,9.4000,9.6300,9.3500,9.4700,9.4700,42311900
2023-05-17,9.5400,10.2850,9.4600,10.2500,10.2500,63834500
2023-05-18,10.4600,11.8100,10.3900,11.7400,11.7400,171402300
2023-05-19,11.9700,12.4100,11.5200,11.7100,11.7100,150269300
2023-05-22,11.6200,12.1050,11.3900,11.8400,11.8400,76377100
2023-05-23,11.9500,13.4200,11.8700,12.6400,12.6400,148701800
2023-05-24,12.0500,12.4300,11.8200,12.2300,12.2300,90496900
2023-05-25,13.1800,13.2200,12.3400,12.8400,12.8400,106557800
2023-05-26,12.8400,14.1950,12.8200,13.6500,13.6500,127311200
2023-05-30,14.4400,15.0050,14.2400,14.7100,14.7100,159089300
2023-05-31,14.1900,14.7900,13.8200,14.7100,14.7100,130392200
2023-06-01,14.4600,15.2200,14.2000,14.5400,14.5400,126015100
2023-06-02,14.6500,15.0300,14.1600,14.5200,14.5200,79487600
2023-06-05,14.3650,15.7000,14.3650,15.2400,15.2400,109017800
2023-06-06,15.3000,15.5800,14.9200,15.4600,15.4600,74284300
2023-06-07,16.0100,17.1600,14.5200,14.6900,14.6900,227244100
2023-06-08,14.4400,15.5900,14.3900,15.1900,15.1900,115591600
2023-06-09,15.3600,15.9800,14.8200,15.0200,15.0200,94126300
2023-06-12,15.4400,16.0300,15.3300,15.6500,15.6500,89900400
2023-06-13,16.1800,16.2700,15.1630,16.0000,16.0000,112765900
2023-06-14,15.9300,16.1900,15.4400,15.9100,15.9100,70871900
2023-06-15,15.6600,16.7900,15.4900,16.6000,16.6000,91200900
2023-06-16,16.8700,16.9100,16.0100,16.3000,16.3000,90696200
2023-06-20,15.9900,16.8900,15.5800,15.7900,15.7900,81335000
2023-06-21,15.6600,15.7550,14.3700,14.6400,14.6400,97885000
2023-06-22,14.3000,14.4400,13.8600,14.0500,14.0500,103461000
2023-06-23,13.6400,14.1400,13.5600,14.0300,14.0300,74851000
2023-06-26,13.8700,14.4200,13.8300,13.9400,13.9400,50679900
2023-06-27,14.2200,14.7600,13.9600,14.6100,14.6100,55410500
2023-06-28,14.5300,15.4300,14.4650,15.2800,15.2800,66001000
2023-06-29,15.4000,15.5700,15.0600,15.2000,15.2000,46300900
2023-06-30,15.4800,15.8000,15.2300,15.3300,15.3300,42195300
2023-07-03,15.4900,15.5900,15.1900,15.5200,15.5200,26037400
2023-07-05,15.4250,15.7700,15.2300,15.7000,15.7000,39179900
2023-07-06,15.3200,15.3830,14.6200,15.1300,15.1300,56534000
2023-07-07,15.2300,15.9000,15.1900,15.3400,15.3400,48273300
2023-07-10,15.3700,16.3300,14.9450,16.3000,16.3000,62823600
2023-07-11,16.4700,16.9300,16.1500,16.4900,16.4900,63236600
2023-07-12,16.7800,16.9400,16.4100,16.5900,16.5900,50079400
2023-07-13,16.7000,17.2600,16.6310,16.7400,16.7400,58397800
2023-07-14,16.7600,17.0000,16.2700,16.4000,16.4000,45115000
2023-07-17,16.4200,17.5900,16.3200,17.4000,17.4000,63505000
2023-07-18,17.8800,18.1300,17.1900,18.0800,18.0800,87117600
2023-07-19,18.0200,18.9950,17.7600,18.0500,18.0500,89044600
2023-07-20,17.5400,18.0000,16.9800,17.1300,17.1300,62711600
2023-07-21,17.4700,17.4900,16.0000,16.4300,16.4300,63375900
2023-07-24,16.6100,16.6900,16.1200,16.3200,16.3200,36133600
2023-07-25,16.3500,16.8600,16.3500,16.5500,16.5500,36612900
2023-07-26,16.4000,16.6900,16.1300,16.4300,16.4300,35804800
2023-07-27,16.8000,17.1900,16.0000,16.1500,16.1500,50685200
2023-07-28,17.2100,17.9700,16.7400,17.8100,17.8100,106125600
2023-07-31,18.8200,19.9950,18.3800,19.8400,19.8400,142173800
2023-08-01,19.4600,20.2400,19.2300,19.9900,19.9900,99336200
2023-08-02,19.2600,19.6200,18.1500,18.9700,18.9700,98215800
2023-08-03,18.6300,19.3000,18.6100,18.7100,18.7100,54345900
2023-08-04,18.8740,19.0800,18.0800,18.2000,18.2000,72386000
2023-08-07,18.2500,18.3900,17.0100,17.9900,17.9900,133808400
2023-08-08,17.4900,17.4900,16.1000,17.0400,17.0400,143014200
2023-08-09,16.7600,16.9200,15.1000,15.2500,15.2500,126230400
2023-08-10,15.4400,15.8700,15.2500,15.4100,15.4100,73129100
2023-08-11,15.0500,15.5800,14.9100,15.4100,15.4100,56616800
2023-08-14,15.2000,15.7400,14.9500,15.7200,15.7200,47511400
2023-08-15,15.6100,15.8700,15.2900,15.3700,15.3700,44000400
2023-08-16,15.2100,15.7250,15.1200,15.4500,15.4500,40394600
2023-08-17,15.3900,15.4370,14.0350,14.1500,14.1500,91086700
2023-08-18,13.8800,14.6000,13.6800,14.4000,14.4000,70215200
2023-08-21,14.4200,14.7800,14.3400,14.5000,14.5000,43206200
2023-08-22,14.7600,15.1300,14.6300,14.6700,14.6700,52001800
2023-08-23,14.5000,15.4700,14.4200,15.3000,15.3000,53523300
2023-08-24,15.7000,15.7100,13.8750,14.1400,14.1400,93586200
2023-08-25,14.1400,14.6500,14.0100,14.5300,14.5300,55668900
2023-08-28,14.6900,14.8800,14.5000,14.6400,14.6400,35964700
2023-08-29,14.6000,15.6300,14.5000,15.4000,15.4000,47213200
2023-08-30,15.4600,16.3500,15.3300,16.3300,16.3300,65674100
2023-08-31,15.6000,15.8500,14.6500,14.9800,14.9800,101517200
2023-09-01,15.1600,15.3650,14.8300,15.1800,15.1800,45258900
2023-09-05,15.0800,15.4200,14.9000,15.2100,15.2100,33818400
2023-09-06,15.1700,15.6200,15.0800,15.3000,15.3000,38738100
2023-09-07,14.8800,15.2400,14.2900,15.2100,15.2100,51798800
2023-09-08,15.1200,15.6100,15.0850,15.1300,15.1300,33862000
2023-09-11,15.4100,16.1000,15.3600,15.7900,15.7900,55294700
2023-09-12,15.4600,16.1500,15.4300,15.5900,15.5900,39497900
2023-09-13,15.6300,15.8500,15.4200,15.6000,15.6000,34354400
2023-09-14,15.6900,16.0400,15.4700,15.8300,15.8300,38572500
2023-09-15,15.7700,15.9000,15.1700,15.3300,15.3300,56271200
2023-09-18,15.1800,15.6300,15.0700,15.4600,15.4600,37404100
2023-09-19,15.3400,15.5190,14.9500,15.1500,15.1500,37804800
2023-09-20,15.2500,15.4250,14.7330,14.7400,14.7400,37640500
2023-09-21,14.3400,14.5990,13.6800,14.0000,14.0000,73071800
2023-09-22,14.2300,14.4150,14.0300,14.1300,14.1300,47714500
2023-09-25,14.0000,14.2400,13.8200,14.2200,14.2200,39693900
2023-09-26,13.9500,14.1700,13.8800,13.9600,13.9600,37276200
2023-09-27,14.2000,14.9600,14.1600,14.8500,14.8500,62780600
2023-09-28,15.1400,15.9600,14.8250,15.7700,15.7700,66590800
2023-09-29,16.1100,16.8100,15.9600,16.0000,16.0000,78055100
2023-10-02,16.0300,16.4400,15.7700,15.8800,15.8800,41043900
2023-10-03,15.6100,15.7700,14.8200,14.9000,14.9000,51578100
2023-10-04,15.4600,15.8500,15.1600,15.7300,15.7300,52786200
2023-10-05,15.5600,15.9000,15.4100,15.8100,15.8100,49648100
2023-10-06,15.5600,16.6950,15.5100,16.6100,16.6100,65946300
2023-10-09,16.2500,17.8300,16.2200,17.6100,17.6100,106161200
2023-10-10,18.0600,18.4000,17.6200,17.8000,17.8000,99971500
2023-10-11,17.8700,18.4400,17.7300,17.9200,17.9200,55745600
2023-10-12,17.9200,18.2400,17.5510,17.9400,17.9400,57940900
2023-10-13,18.0600,18.1600,17.2700,17.3600,17.3600,54541600
2023-10-16,17.2100,17.4600,16.6700,17.3600,17.3600,44987300
2023-10-17,17.0000,18.0300,16.9100,17.8400,17.8400,54401300
2023-10-18,17.8100,18.2200,17.1900,17.2000,17.2000,44208300
2023-10-19,17.4400,17.5800,16.9700,17.0600,17.0600,46303200
2023-10-20,16.8500,16.9400,15.8100,16.1100,16.1100,63875500
2023-10-23,15.9000,16.3400,15.2100,16.2000,16.2000,55967200
2023-10-24,16.3800,16.9300,16.3000,16.6400,16.6400,39833800
2023-10-25,16.5700,16.6300,15.5800,15.5900,15.5900,46706500
2023-10-26,15.6000,15.9100,15.0500,15.2900,15.2900,49351800
2023-10-27,15.4800,15.6000,14.9600,15.0700,15.0700,39913600
2023-10-30,15.2700,15.2900,14.5600,14.6900,14.6900,46886400
2023-10-31,14.5800,15.0100,14.5500,14.8000,14.8000,40195400
2023-11-01,14.8000,14.9600,14.4800,14.9200,14.9200,54419100
2023-11-02,17.4800,18.3000,17.2100,17.9700,17.9700,170406800
2023-11-03,18.0200,19.0790,17.7600,18.8900,18.8900,109302000
2023-11-06,18.9900,19.0800,17.9300,18.5400,18.5400,79952600
2023-11-07,18.8600,19.1700,18.5300,18.8000,18.8000,56289100
2023-11-08,18.8500,18.9300,18.1500,18.4900,18.4900,46063100
2023-11-09,18.6600,18.8700,18.1600,18.2700,18.2700,48454200
2023-11-10,18.1550,19.7200,18.0600,19.6700,19.6700,92748000
2023-11-13,19.5900,19.8800,19.3000,19.7100,19.7100,74877500
2023-11-14,20.0000,20.1000,19.5000,19.9400,19.9400,83230500
2023-11-15,19.9000,20.3700,19.6110,19.9500,19.9500,75533500
2023-11-16,19.8000,19.8750,19.2900,19.7700,19.7700,49942800
2023-11-17,19.6800,20.5800,19.6590,20.4900,20.4900,69497400
2023-11-20,20.6500,21.6000,20.5600,21.3400,21.3400,90270000
2023-11-21,21.1100,21.8500,19.7200,19.8000,19.8000,106643300
2023-11-22,20.2600,20.4400,19.3300,19.6900,19.6900,68326000
2023-11-24,19.3800,19.6000,18.9300,19.2000,19.2000,39800400
2023-11-27,19.1300,19.5000,18.6200,19.0800,19.0800,58808200
2023-11-28,19.1100,19.8000,19.0300,19.7100,19.7100,54170700
2023-11-29,19.9450,20.3100,19.7800,19.8400,19.8400,62782100
2023-11-30,19.9400,20.2300,19.6800,20.0500,20.0500,55501000
2023-12-01,19.9300,20.2900,19.5500,20.2700,20.2700,61493700
2023-12-04,19.7500,19.9000,18.2700,18.4000,18.4000,104948500
2023-12-05,18.2500,18.5500,17.9600,18.3000,18.3000,54460800
2023-12-06,17.6900,17.8300,17.0500,17.1300,17.1300,96111000
2023-12-07,17.2200,17.4800,17.0800,17.2200,17.2200,56455000
2023-12-08,17.1800,17.9200,17.0900,17.7700,17.7700,57542100
2023-12-11,17.9700,18.2800,17.7000,17.7700,17.7700,50929600
2023-12-12,17.6900,17.8800,17.2300,17.5000,17.5000,46231900
2023-12-13,17.6500,17.9000,17.2200,17.8700,17.8700,52682600
2023-12-14,18.1700,18.5800,17.7200,18.2100,18.2100,67462800
2023-12-15,18.6700,19.1500,18.0400,18.2000,18.2000,93307100
2023-12-18,18.2100,18.5750,17.7700,17.8400,17.8400,60188100
2023-12-19,17.9800,18.1900,17.8400,17.9500,17.9500,43530300
2023-12-20,17.8700,17.9200,17.1900,17.2500,17.2500,58666900
2023-12-21,17.5300,17.7400,17.4200,17.5900,17.5900,30493600
2023-12-22,17.7000,17.7000,17.3250,17.4100,17.4100,33693800
2023-12-26,17.4400,17.7450,17.3300,17.6800,17.6800,31750700
2023-12-27,17.7800,17.9100,17.4500,17.4700,17.4700,32918400
2023-12-28,17.4600,17.8400,17.4200,17.5600,17.5600,38990000
2023-12-29,17.5200,17.6400,17.1000,17.1700,17.1700,38943500
2024-01-02,16.9500,16.9500,16.5000,16.5800,16.5800,41626700
2024-01-03,16.1200,16.3800,16.0100,16.0900,16.0900,46865200
2024-01-04,16.0500,16.5800,15.9500,16.2500,16.2500,39937700
2024-01-05,15.7000,16.1280,15.6640,15.9800,15.9800,57700000
2024-01-08,16.2200,16.8900,16.1400,16.6700,16.6700,49090000
2024-01-09,16.5100,16.6300,16.2800,16.3900,16.3900,35794500
2024-01-10,16.5000,17.0300,16.4000,16.7900,16.7900,41254400
2024-01-11,16.8100,16.9300,16.1700,16.6800,16.6800,39552400
2024-01-12,16.6800,17.0600,16.6200,16.7600,16.7600,33952600
2024-01-16,16.5900,16.7400,16.2900,16.5300,16.5300,32659300
2024-01-17,16.2600,16.4100,16.0500,16.3900,16.3900,30832800
2024-01-18,16.7500,16.8100,16.1000,16.4000,16.4000,35239700
2024-01-19,16.5700,16.7800,16.1500,16.7800,16.7800,40690600
2024-01-22,17.4600,18.3500,17.4300,17.6000,17.6000,85573900
2024-01-23,17.6400,17.7300,17.2000,17.3300,17.3300,37794300
2024-01-24,17.5100,17.6500,16.7350,16.7500,16.7500,42710700
2024-01-25,16.9200,17.0000,16.3100,16.4600,16.4600,44589000
2024-01-26,16.4000,16.7500,16.3400,16.3500,16.3500,28612200
2024-01-29,16.4500,17.1100,16.4300,17.0900,17.0900,35987800
2024-01-30,17.0400,17.2400,16.6600,16.7400,16.7400,36388200
2024-01-31,16.4100,16.7600,16.0700,16.0900,16.0900,43582500
2024-02-01,16.2100,16.4870,16.0300,16.3300,16.3300,40454400
2024-02-02,16.3400,17.0200,16.1450,17.0200,17.0200,57672700
2024-02-05,17.5600,17.8700,16.4800,16.7200,16.7200,167698300
2024-02-06,20.3000,22.1800,19.7600,21.8700,21.8700,420501900
2024-02-07,21.6000,23.8700,21.3800,23.6000,23.6000,254911100
2024-02-08,23.9600,25.0600,23.3200,24.5100,24.5100,212671100
2024-02-09,25.0400,25.1100,23.5700,24.3800,24.3800,149062000
2024-02-12,23.9100,25.5250,23.8200,25.0500,25.0500,108173000
2024-02-13,23.5300,24.6600,23.3100,24.0100,24.0100,102293300
2024-02-14,24.1500,25.5000,23.7550,25.1900,25.1900,97227900
2024-02-15,25.0400,25.4600,24.7100,25.4100,25.4100,70544300
2024-02-16,24.9600,25.4950,24.3900,24.4400,24.4400,65498200
2024-02-20,23.8400,24.0000,22.7150,23.4000,23.4000,93374300
2024-02-21,22.3000,22.9300,22.2900,22.7400,22.7400,59628300
2024-02-22,23.7700,23.9500,23.0500,23.5900,23.5900,64458200
2024-02-23,23.5300,24.0700,22.8200,22.9700,22.9700,48840800
2024-02-26,23.0300,23.8800,22.9400,23.5600,23.5600,46499500
2024-02-27,23.7600,24.6200,23.7200,24.5300,24.5300,64967400
2024-02-28,24.5200,24.8400,24.2450,24.4200,24.4200,47314000
2024-02-29,24.8100,25.2930,24.3600,25.0800,25.0800,62753300
2024-03-01,25.3000,25.6900,24.5350,24.9300,24.9300,64794400
2024-03-04,24.4000,24.5800,23.5300,24.0400,24.0400,64320000
2024-03-05,23.9600,24.4090,23.4300,23.8100,23.8100,49542300
2024-03-06,25.7500,26.7500,24.5300,26.1600,26.1600,207386900
2024-03-07,27.0100,27.5000,26.3800,26.4600,26.4600,117519300
2024-03-08,27.1900,27.2800,25.8100,26.0400,26.0400,84256100
2024-03-11,25.8900,26.8300,25.2900,25.3500,25.3500,60829300
2024-03-12,25.5700,25.6400,24.3500,24.7000,24.7000,75202600
2024-03-13,24.7000,25.4400,24.6000,25.0000,25.0000,59713000
2024-03-14,24.8300,24.9700,24.1400,24.4300,24.4300,49214800
2024-03-15,23.8500,24.1000,23.4200,23.4900,23.4900,61421000
2024-03-18,23.7700,24.1800,23.3200,24.0000,24.0000,44083000
2024-03-19,23.5000,23.8300,22.9200,23.8000,23.8000,43247200
2024-03-20,23.7700,24.6500,23.6700,24.5700,24.5700,40273800
2024-03-21,25.3000,25.3300,24.4400,24.4900,24.4900,37099600
2024-03-22,24.2000,24.4750,24.0200,24.1800,24.1800,25453000
2024-03-25,24.1200,24.6200,24.0500,24.5100,24.5100,29255900
2024-03-26,24.7600,25.4700,24.4700,24.8900,24.8900,43610500
2024-03-27,25.0000,25.4800,24.2600,24.5100,24.5100,38600100
2024-03-28,24.1700,24.2800,22.9400,23.0100,23.0100,70008200
2024-04-01,22.9800,23.2100,22.4000,22.8600,22.8600,41000000
2024-04-02,22.0000,22.7900,21.7200,22.7200,22.7200,39770600
2024-04-03,22.4400,23.0100,22.3800,22.7000,22.7000,30357400
2024-04-04,23.8200,24.1000,22.4000,22.4800,22.4800,64995300
2024-04-05,22.4200,23.3200,22.3070,22.9600,22.9600,38716800
2024-04-08,23.0800,23.2000,22.6700,23.0000,23.0000,25022700
2024-04-09,23.0100,23.0870,22.4600,22.8100,22.8100,27643300
2024-04-10,22.2200,22.7100,22.0100,22.4200,22.4200,28642900
2024-04-11,22.6500,22.9100,22.2500,22.8400,22.8400,26399400
2024-04-12,22.7000,23.2000,22.4100,22.6700,22.6700,36764500
2024-04-15,22.7900,23.1300,21.8300,21.9000,21.9000,38182100
2024-04-16,21.5900,21.9900,21.2700,21.8800,21.8800,33869200
2024-04-17,22.0100,22.1100,21.2200,21.3100,21.3100,30139800
2024-04-18,21.2500,21.4300,20.7000,21.1300,21.1300,34550500
2024-04-19,20.9800,21.4300,20.3300,20.4700,20.4700,39632600
2024-04-22,20.7200,21.0800,20.3600,20.9700,20.9700,31894500
2024-04-23,21.2500,22.0600,21.2300,21.6400,21.6400,36304600
2024-04-24,22.0500,22.2500,21.3000,21.5900,21.5900,34426500
2024-04-25,20.8200,21.7400,20.6600,21.7100,21.7100,26226700
2024-04-26,22.0500,22.6700,21.9100,22.5200,22.5200,33119800
2024-04-29,22.7500,23.0900,22.5450,22.8300,22.8300,30104900
2024-04-30,22.7700,22.8700,21.9500,21.9700,21.9700,30511900
2024-05-01,21.9300,22.8300,21.6300,22.1200,22.1200,34665900
2024-05-02,22.6000,22.7150,22.1000,22.5500,22.5500,30396100
2024-05-03,23.4800,23.6400,22.9100,23.3300,23.3300,55976400
2024-05-06,24.3700,25.3550,24.0300,25.2100,25.2100,175936600
2024-05-07,21.9900,22.7000,21.3500,21.4000,21.4000,161061600
2024-05-08,21.5800,21.7300,21.0600,21.5600,21.5600,67582900
2024-05-09,21.4900,21.5800,20.9400,21.1400,21.1400,54101900
2024-05-10,21.2700,21.3700,20.5000,20.6000,20.6000,59845400
2024-05-13,20.6000,21.1900,20.6000,20.9400,20.9400,37524800
2024-05-14,20.9500,22.0700,20.9300,21.4400,21.4400,57894400
2024-05-15,21.7300,21.8100,21.1850,21.6700,21.6700,39424000
2024-05-16,21.7400,21.8700,21.5350,21.6500,21.6500,27416700
2024-05-17,21.7800,22.1690,21.5600,21.7600,21.7600,30032300
2024-05-20,21.7700,21.7700,21.2200,21.6200,21.6200,35255300
2024-05-21,21.3400,21.4500,21.1200,21.2400,21.2400,27954000
2024-05-22,21.2300,21.4200,21.0800,21.1700,21.1700,25212500
2024-05-23,21.3900,21.5200,20.6300,20.7200,20.7200,36887600
2024-05-24,20.7200,21.1500,20.6500,21.0100,21.0100,22158700
2024-05-28,21.0600,21.2200,20.7300,21.0500,21.0500,26274200
2024-05-29,20.7700,20.9900,20.6400,20.9400,20.9400,24834200
2024-05-30,21.2800,21.9600,21.0200,21.7300,21.7300,47210300
2024-05-31,21.7900,22.2000,21.3100,21.6800,21.6800,44416100
2024-06-03,21.7000,21.7900,21.0050,21.3200,21.3200,33876100
2024-06-04,21.0500,22.2600,21.0400,22.1000,22.1000,41974000
2024-06-05,22.4800,22.9800,22.2200,22.9600,22.9600,39825400
2024-06-06,22.9800,23.9500,22.9800,23.7900,23.7900,60400400
2024-06-07,23.2400,23.5700,23.0600,23.3100,23.3100,37149900
2024-06-10,22.7500,23.1600,22.6600,23.1300,23.1300,31429200
2024-06-11,23.0600,23.9500,22.8900,23.8500,23.8500,30601900
2024-06-12,24.2000,24.3300,23.5700,23.7700,23.7700,38542700
2024-06-13,23.8500,24.1400,23.1500,23.2700,23.2700,26035100
2024-06-14,23.1500,23.7200,22.8400,23.5700,23.5700,26618300
2024-06-17,23.4700,25.0600,23.4500,25.0200,25.0200,54101500
2024-06-18,25.1500,26.0250,24.8300,25.8200,25.8200,54458600
2024-06-20,26.4400,26.5700,25.1550,25.5600,25.5600,66735000
2024-06-21,24.7100,26.0900,23.5300,23.8400,23.8400,68605900
2024-06-24,23.4400,24.3870,23.3000,24.1600,24.1600,36477400
2024-06-25,24.1600,24.6300,23.9200,24.5600,24.5600,29389400
2024-06-26,24.4700,24.6600,24.0250,24.1000,24.1000,24331400
2024-06-27,24.1000,25.4000,24.0500,25.2200,25.2200,37882900
2024-06-28,25.2800,25.5700,25.0300,25.3300,25.3300,38886400
2024-07-01,25.4800,26.0200,25.1420,25.8800,25.8800,33167900
2024-07-02,25.8400,26.4300,25.7500,25.8300,25.8300,32148200
2024-07-03,25.9600,26.2700,25.7600,25.8500,25.8500,18433800
2024-07-05,26.0000,27.2500,25.9750,27.2300,27.2300,46703700
2024-07-08,27.9300,27.9860,26.8400,27.7000,27.7000,59611200
2024-07-09,27.9300,28.3800,27.2300,27.3900,27.3900,53067100
2024-07-10,27.5000,28.4700,27.3700,28.4200,28.4200,43231000
2024-07-11,28.4900,28.5900,26.9000,27.6400,27.6400,61546100
2024-07-12,27.3200,28.1300,27.2800,28.0700,28.0700,30760300
2024-07-15,28.4200,29.3000,27.9000,28.6700,28.6700,49186300
2024-07-16,28.1800,28.8400,27.4700,28.6700,28.6700,59330700
2024-07-17,28.0000,28.8700,27.6000,28.2200,28.2200,45203500
2024-07-18,28.4200,29.8300,28.1500,28.6400,28.6400,76485600
2024-07-19,28.3100,29.6000,28.2700,28.5800,28.5800,49581600
2024-07-22,28.9300,28.9700,27.6900,28.4600,28.4600,38037800
2024-07-23,28.3400,29.1900,28.3100,28.8100,28.8100,31134300
2024-07-24,28.4400,28.6850,26.5800,26.6000,26.6000,49004100
2024-07-25,26.0400,27.2880,25.4200,26.6300,26.6300,45474600
2024-07-26,27.0000,27.3400,26.7700,27.1800,27.1800,27432200
2024-07-29,27.5600,27.8000,26.7300,27.0800,27.0800,26038800
2024-07-30,27.2500,27.4400,25.8900,26.3700,26.3700,31819900
2024-07-31,27.0200,27.3900,26.8800,26.8900,26.8900,29111600
2024-08-01,27.0200,27.5350,25.8300,26.0800,26.0800,31189600
2024-08-02,24.7500,24.8700,23.7500,24.7400,24.7400,56092600
2024-08-05,21.7400,24.4200,21.2300,24.0900,24.0900,88023500
2024-08-06,27.0500,27.4200,25.5700,26.5900,26.5900,99622700
2024-08-07,27.0700,28.3600,26.2400,26.3200,26.3200,75975400
2024-08-08,27.0400,29.3750,26.6900,29.2800,29.2800,96892900
2024-08-09,29.2800,30.3600,29.1000,30.0100,30.0100,88131100
2024-08-12,30.2200,31.2000,29.2700,29.3800,29.3800,67890300
2024-08-13,29.7890,30.8500,29.5600,30.3900,30.3900,57294200
2024-08-14,30.6200,31.3700,30.3300,31.0000,31.0000,49885600
2024-08-15,31.3100,31.4950,30.8300,31.2200,31.2200,43407600
2024-08-16,31.0400,32.7500,30.9800,32.0800,32.0800,64870600
2024-08-19,32.4200,32.5900,31.8140,32.5000,32.5000,52353600
2024-08-20,32.5000,32.7200,31.6300,32.3200,32.3200,40783000
2024-08-21,32.3200,32.6700,31.9700,32.5400,32.5400,38147600
2024-08-22,32.5500,33.1250,31.8500,31.9200,31.9200,43522200
2024-08-23,31.9900,32.5500,31.6220,31.7800,31.7800,34121200
2024-08-26,31.4300,31.7400,30.7900,30.8500,30.8500,35283600
2024-08-27,30.5500,31.1200,30.3800,30.8400,30.8400,23541300
2024-08-28,30.6200,30.8000,29.7500,30.3600,30.3600,33961400
2024-08-29,30.6500,31.8200,30.4840,31.0000,31.0000,39733000
2024-08-30,31.0500,31.5000,30.7000,31.4800,31.4800,42388000
2024-09-03,31.3500,31.5890,30.1650,30.5100,30.5100,34531600
2024-09-04,30.0000,30.8500,29.3100,30.5900,30.5900,33419500
2024-09-05,30.2400,30.7400,30.0100,30.1600,30.1600,24012300
2024-09-06,30.6000,31.0400,29.5000,30.3300,30.3300,50946800
2024-09-09,32.7000,34.7000,32.4700,34.6000,34.6000,140582500
2024-09-10,34.8100,35.2000,33.7100,34.7600,34.7600,91721000
2024-09-11,34.0100,34.8700,33.6200,34.8500,34.8500,68302300
2024-09-12,34.8600,35.4000,34.5310,34.9100,34.9100,54291900
2024-09-13,34.9700,36.0100,34.8900,35.5900,35.5900,49727200
2024-09-16,35.7800,36.9200,35.5600,36.3100,36.3100,74767300
2024-09-17,37.0000,37.0500,35.8700,36.4500,36.4500,64461800
2024-09-18,35.9000,37.1100,35.8710,36.3800,36.3800,66279800
2024-09-19,37.0000,37.3500,36.2000,36.8300,36.8300,59882000
2024-09-20,36.0100,37.2900,35.7100,37.2000,37.2000,450290500
2024-09-23,36.8600,38.1900,36.5700,37.9500,37.9500,79460700
2024-09-24,37.9700,37.9800,36.4300,36.9000,36.9000,79519200
2024-09-25,36.8900,37.1800,36.3830,37.1200,37.1200,46511700
2024-09-26,37.2600,37.4400,36.6000,37.1000,37.1000,48602000
2024-09-27,36.9100,37.4700,36.5900,36.8400,36.8400,43219100
2024-09-30,36.5800,37.3200,36.1500,37.2000,37.2000,42110200
2024-10-01,37.2100,37.5600,36.0500,36.4600,36.4600,52858000
2024-10-02,36.3000,37.6800,36.1450,37.4900,37.4900,34988900
2024-10-03,37.4500,39.2900,37.3700,39.2400,39.2400,57196400
2024-10-04,39.6500,40.2900,39.4000,40.0100,40.0100,62532500
2024-10-07,39.9000,40.1500,38.7750,38.8900,38.8900,44124800
2024-10-08,39.2900,41.4900,39.0150,41.4500,41.4500,62542900
2024-10-09,41.5500,43.3400,41.2100,43.1300,43.1300,86404700
2024-10-10,42.9200,43.8780,42.4100,43.5200,43.5200,62516300
2024-10-11,43.4000,44.3800,42.6200,43.5100,43.5100,66206900
2024-10-14,43.7200,44.3900,43.2800,43.4000,43.4000,41010900
2024-10-15,43.4750,43.6800,41.5150,42.4300,42.4300,48297000
2024-10-16,42.4000,42.4900,40.3600,41.9300,41.9300,59157900
2024-10-17,42.1500,42.7000,41.6100,42.0000,42.0000,34028400
2024-10-18,42.0150,42.9900,41.6500,42.9700,42.9700,33969000
2024-10-21,42.8600,43.4000,42.4100,42.7000,42.7000,30719800
2024-10-22,42.6900,43.4900,42.3000,42.9400,42.9400,27830700
2024-10-23,42.8500,43.6800,42.0550,42.5900,42.5900,35647000
2024-10-24,42.8900,43.7300,42.6600,43.5600,43.5600,34079600
2024-10-25,43.8500,45.0700,43.6450,44.8600,44.8600,50416500
2024-10-28,45.0500,45.1400,44.6800,44.9700,44.9700,36729700
2024-10-29,44.9000,45.0700,44.0400,44.9300,44.9300,26154700
2024-10-30,44.5800,44.8000,43.6100,43.6900,43.6900,31309200
2024-10-31,42.7900,43.3200,40.9000,41.5600,41.5600,50973400
2024-11-01,41.9300,42.5700,41.5900,41.9200,41.9200,33722500
2024-11-04,41.0800,42.0400,41.0320,41.4100,41.4100,75413300
2024-11-05,47.8600,51.5750,46.8600,51.1300,51.1300,208868200
2024-11-06,53.4400,55.6900,51.6100,55.5300,55.5300,114255900
2024-11-07,55.8200,56.4700,53.5500,55.8800,55.8800,121591200
2024-11-08,55.5700,58.4800,55.3000,58.3900,58.3900,84124000
2024-11-11,60.1330,62.0800,58.6900,60.2400,60.2400,108357800
2024-11-12,59.0100,60.0900,58.5700,59.8500,59.8500,59061300
2024-11-13,61.5200,63.3900,59.8500,60.7000,60.7000,85937400
2024-11-14,61.0500,61.1700,58.5300,59.1800,59.1800,59968200
2024-11-15,61.0100,66.0000,60.9100,65.7700,65.7700,155280400
2024-11-18,64.9200,64.9200,58.8500,61.2600,61.2600,136663100
2024-11-19,59.5100,63.0100,59.2650,62.9800,62.9800,75557800
2024-11-20,62.5900,63.0800,59.9600,62.1200,62.1200,59182200
2024-11-21,62.0400,63.4000,60.8950,61.3600,61.3600,56336700
2024-11-22,61.6000,64.4400,61.3700,64.3500,64.3500,61381700
2024-11-25,66.9000,67.8800,64.0800,64.6500,64.6500,80640500
2024-11-26,64.5700,65.8500,63.8900,65.7400,65.7400,46923600
2024-11-27,66.2400,67.5600,64.2400,66.0500,66.0500,53839900
2024-11-29,65.8900,67.1600,65.4700,67.0800,67.0800,30104000
2024-12-02,67.4400,67.8800,65.9600,66.3900,66.3900,46405000
2024-12-03,66.4100,71.3700,66.1500,70.9600,70.9600,100751400
2024-12-04,71.1300,71.1800,67.2800,69.8500,69.8500,86284800
2024-12-05,70.1100,72.9800,69.8900,71.8700,71.8700,66585800
2024-12-06,72.9500,76.8200,72.2800,76.3400,76.3400,93640900
2024-12-09,80.5800,80.9100,71.0500,72.4600,72.4600,168134800
2024-12-10,71.9900,75.5600,70.7300,70.8900,70.8900,89672500
2024-12-11,72.9800,73.0000,68.0700,72.5100,72.5100,89477700
2024-12-12,72.3000,75.3800,71.9000,73.2000,73.2000,73859700
2024-12-13,73.4900,76.1000,72.4500,76.0700,76.0700,76172800
2024-12-16,75.0600,77.8200,71.1600,75.7500,75.7500,126099600
2024-12-17,73.2800,75.3200,71.7000,74.3900,74.3900,75469400
2024-12-18,74.3000,77.6000,70.2700,71.5100,71.5100,109643400
2024-12-19,73.9900,76.5900,73.3700,74.2100,74.2100,99524300
2024-12-20,72.6400,80.6600,71.5000,80.5500,80.5500,281230800
2024-12-23,80.6500,82.0200,77.4100,80.6900,80.6900,93819500
2024-12-24,81.0900,84.7970,81.0000,82.3800,82.3800,64983300
2024-12-26,83.1600,83.4900,81.3000,82.1400,82.1400,60377100
2024-12-27,81.4200,82.0000,77.9300,79.0800,79.0800,66975900
2024-12-30,77.0400,79.2400,76.1100,77.1800,77.1800,60850900
2024-12-31,77.5800,77.9800,73.6500,75.6300,75.6300,56267900
2025-01-02,76.2000,76.5300,72.4200,75.1900,75.1900,72217200
2025-01-03,75.3900,79.9800,75.1900,79.8900,79.8900,62415000
2025-01-06,78.6900,80.0600,74.6100,75.9200,75.9200,105619500
2025-01-07,75.2000,75.3900,69.7500,69.9900,69.9900,91727300
2025-01-08,68.1200,69.5300,66.5100,68.2300,68.2300,91349500
2025-01-10,66.0100,68.2000,65.0400,67.2600,67.2600,78148600
2025-01-13,64.2900,65.6800,63.4000,64.9800,64.9800,69046300
2025-01-14,67.1800,68.2300,65.1900,65.9100,65.9100,56814900
2025-01-15,68.5500,68.8500,67.0800,68.1400,68.1400,56025800
2025-01-16,69.0800,71.4300,68.3600,69.2400,69.2400,62908700
2025-01-17,70.9000,72.3400,69.9500,71.7700,71.7700,54754000
2025-01-21,73.2400,73.6360,70.6010,73.0700,73.0700,56229000
2025-01-22,74.5000,77.1600,73.8000,76.8700,76.8700,66876400
2025-01-23,76.0400,79.0000,75.8400,78.9800,78.9800,55937900
2025-01-24,79.0500,82.2400,78.4400,78.9800,78.9800,77931900
2025-01-27,74.0700,76.7200,72.6700,75.4400,75.4400,76093300
2025-01-28,75.5400,80.7400,74.0400,80.2300,80.2300,65916700
2025-01-29,79.9500,80.8200,77.8100,79.7600,79.7600,49262200
2025-01-30,80.0200,81.8300,79.3800,81.2200,81.2200,46067500
2025-01-31,81.0000,85.2200,80.8700,82.4900,82.4900,78731000
2025-02-03,80.1250,84.2500,78.4700,83.7400,83.7400,126592700
2025-02-04,102.8000,106.9100,100.5100,103.8300,103.8300,230806800
2025-02-05,101.7800,103.5700,99.3200,101.3600,101.3600,90628300
2025-02-06,101.0900,111.5450,100.2600,111.2800,111.2800,128217500
2025-02-07,111.6600,116.3000,110.4500,110.8500,110.8500,143795400
2025-02-10,112.0300,116.7600,108.7200,116.6500,116.6500,99938100
2025-02-11,116.5000,118.6600,112.1000,112.6200,112.6200,94311700
2025-02-12,110.2900,117.5900,110.0000,117.3900,117.3900,75316900
2025-02-13,117.3100,118.3900,115.1500,117.9100,117.9100,60027000
2025-02-14,117.9000,120.6700,116.8000,119.1600,119.1600,65528900
2025-02-18,120.9400,125.0000,118.4300,124.6200,124.6200,84227200
2025-02-19,123.8600,125.4100,108.5600,112.0600,112.0600,147487300
2025-02-20,102.9100,107.4000,95.8000,106.2700,106.2700,243093900
2025-02-21,107.6800,109.0700,100.0000,101.3500,101.3500,129063200
2025-02-24,95.8800,99.0100,89.3000,90.6800,90.6800,184485000
2025-02-25,90.6500,91.7000,85.2500,87.8400,87.8400,132626300
2025-02-26,89.1600,91.6900,87.5900,89.3100,89.3100,94428700
2025-02-27,91.9100,93.6200,84.1700,84.7700,84.7700,99680500
2025-02-28,79.9800,85.1800,78.5800,84.9200,84.9200,125977400
2025-03-03,88.5500,90.4800,82.5300,83.4200,83.4200,114573900
2025-03-04,80.1600,88.5000,79.3000,84.4000,84.4000,116800300
2025-03-05,86.3500,90.3000,82.5000,90.1300,90.1300,116053000
2025-03-06,87.5050,88.3400,80.0100,80.4600,80.4600,117340600
2025-03-07,80.0250,85.1600,79.1500,84.9100,84.9100,105377100
2025-03-10,82.0000,82.6900,74.5700,76.3800,76.3800,136843800
2025-03-11,75.7850,80.7450,75.5300,78.0500,78.0500,109351500
2025-03-12,83.4800,84.5500,79.8600,83.6500,83.6500,116525100
2025-03-13,82.8450,83.7400,78.3200,79.6200,79.6200,100927200
2025-03-14,82.9700,87.2700,82.1600,86.2400,86.2400,113985000
2025-03-17,88.4400,88.8200,84.5000,87.3500,87.3500,99348900
2025-03-18,85.7800,86.1700,81.8000,83.8900,83.8900,93236500
2025-03-19,84.5500,87.9900,82.8600,86.1000,86.1000,89797400
2025-03-20,85.5400,89.8000,85.1200,87.3900,87.3900,105547400
2025-03-21,85.8500,91.0700,84.4600,90.9600,90.9600,116748700
2025-03-24,93.4000,97.3900,92.2800,96.7500,96.7500,112164700
2025-03-25,97.2200,98.1700,95.0800,96.5000,96.5000,78015300
2025-03-26,96.2900,97.3000,90.8200,92.2800,92.2800,81428600
2025-03-27,91.0150,93.6500,89.6700,90.0900,90.0900,82823000
2025-03-28,89.3400,89.3800,84.1000,85.8500,85.8500,91091700
2025-03-31,80.0000,84.6500,78.7500,84.4000,84.4000,108092900
2025-04-01,83.8900,85.2800,81.8200,84.6800,84.6800,78980700
2025-04-02,82.4000,88.4050,82.3000,87.4500,87.4500,96563100
2025-04-03,81.2500,85.6800,81.0100,83.6000,83.6000,93878200
2025-04-04,80.0700,80.9800,71.9300,74.0100,74.0100,147323200
2025-04-07,66.6500,81.8000,66.1200,77.8400,77.8400,169083700
2025-04-08,83.2900,86.1140,75.2200,77.3200,77.3200,135345600
2025-04-09,78.1900,93.3300,77.2700,92.0100,92.0100,187244300
2025-04-10,88.4000,90.7800,84.1400,88.5900,88.5900,124448200
2025-04-11,87.9800,89.5500,85.4700,88.5500,88.5500,95130700
2025-04-14,95.8000,97.3300,91.4600,92.6200,92.6200,122836900
2025-04-15,93.5300,98.9900,93.0500,98.4000,98.4000,118457700
2025-04-16,96.2800,97.3000,89.6200,92.7100,92.7100,121997600
2025-04-17,94.7100,95.1100,92.2700,93.7800,93.7800,83991800
2025-04-21,92.8400,96.4750,89.3100,90.8000,90.8000,83831100
2025-04-22,93.0150,96.3400,91.3500,93.9900,93.9900,91185400
2025-04-23,98.8600,103.7600,97.8300,100.8200,100.8200,112909500
2025-04-24,101.5300,108.0000,100.9100,107.7800,107.7800,103190700
2025-04-25,108.0500,112.8800,106.5500,112.7800,112.7800,103933800
2025-04-28,113.7800,114.8600,108.8700,114.6500,114.6500,111082900
2025-04-29,113.9800,117.2300,113.2400,116.0800,116.0800,79709000
2025-04-30,111.6100,118.7800,110.5400,118.4400,118.4400,109461700
2025-05-01,120.0400,120.1900,116.0000,116.2000,116.2000,90677600
2025-05-02,118.6600,124.4200,118.6300,124.2800,124.2800,103094300
2025-05-05,123.7000,125.2550,121.3600,123.7700,123.7700,135961300
2025-05-06,112.7100,113.9100,105.3200,108.8600,108.8600,201193400
2025-05-07,107.9700,111.8500,107.0000,110.4800,110.4800,95428800
2025-05-08,112.2800,120.3800,112.0700,119.1500,119.1500,126966200
2025-05-09,118.9700,119.1600,114.9000,117.3000,117.3000,81005300
2025-05-12,120.7800,120.9350,115.0100,118.4600,118.4600,94257300
2025-05-13,119.9200,130.6000,119.3100,128.1000,128.1000,147155400
2025-05-14,129.0100,133.4900,127.5590,130.1800,130.1800,96611500
2025-05-15,128.3700,130.2000,125.7400,128.1200,128.1200,69503000
2025-05-16,129.2300,130.3300,126.7600,129.5200,129.5200,57003700
2025-05-19,124.7150,127.7700,124.3200,126.3300,126.3300,72503900
2025-05-20,127.2200,128.2000,124.6500,125.5900,125.5900,61265300
2025-05-21,125.1600,127.1100,119.4100,120.5800,120.5800,80657700
2025-05-22,121.9500,126.3300,121.3750,122.2900,122.2900,75498300
2025-05-23,120.8800,125.5400,120.6800,123.3100,123.3100,65905800
2025-05-27,126.8200,127.8800,120.8800,123.3900,123.3900,86455200
2025-05-28,124.2300,125.6500,122.9100,123.7600,123.7600,64866000
2025-05-29,125.3500,126.4700,121.5300,122.3200,122.3200,62929100
2025-05-30,123.5300,131.9400,122.7500,131.7800,131.7800,185897600
2025-06-02,131.4350,134.4800,128.8600,132.0400,132.0400,93218700
2025-06-03,133.0700,135.2800,130.1000,133.1700,133.1700,91297700
2025-06-04,132.8000,132.9500,125.5800,130.0100,130.0100,97306300
2025-06-05,129.2700,132.8500,118.9300,119.9100,119.9100,131055900
2025-06-06,123.7300,128.1300,121.9200,127.7200,127.7200,87175100
2025-06-09,127.0750,132.2300,124.8000,132.0600,132.0600,74785600
2025-06-10,131.0200,134.0700,129.4100,132.8100,132.8100,69308900
2025-06-11,133.9200,140.0000,132.9900,136.3900,136.3900,97366000
2025-06-12,136.4000,137.1000,134.6300,135.1900,135.1900,56248200
2025-06-13,133.8150,139.9900,133.3500,137.4000,137.4000,93519000
2025-06-16,140.0300,144.8600,139.8120,141.4100,141.4100,80779800
2025-06-17,141.4850,141.6900,136.0800,138.2000,138.2000,70479100
2025-06-18,139.0400,140.3600,137.4900,139.9600,139.9600,58260200
2025-06-20,140.6900,142.2400,136.7420,137.3000,137.3000,87067000
2025-06-23,138.9000,142.1500,135.9600,139.9200,139.9200,70501100
2025-06-24,140.9800,143.6600,137.8000,143.2300,143.2300,58574200
2025-06-25,144.4900,147.6700,141.5300,142.9000,142.9000,61435300
2025-06-26,144.8500,148.2150,142.9100,144.2500,144.2500,69440500
2025-06-27,144.8700,144.9700,130.5400,130.7400,130.7400,202598600
2025-06-30,137.7900,138.8750,134.8000,136.3200,136.3200,97305600
2025-07-01,135.2700,136.3200,128.5100,130.6800,130.6800,91479700
2025-07-02,131.4700,133.6000,130.1900,132.1200,132.1200,59732000
2025-07-03,134.3600,135.6200,132.5100,134.3600,134.3600,41812500
2025-07-07,134.3800,139.2900,132.3200,139.1200,139.1200,71959700
2025-07-08,138.7750,139.8550,135.7900,139.7100,139.7100,59834800
2025-07-09,139.6550,143.1700,137.3900,143.1300,143.1300,68494800
2025-07-10,143.3100,145.1600,139.5300,142.5000,142.5000,64383900
2025-07-11,142.1100,144.5800,141.4700,142.1000,142.1000,52134800
2025-07-14,142.7200,149.5750,142.2200,149.1500,149.1500,81774400
2025-07-15,148.9300,150.6200,147.3600,148.5800,148.5800,59126200
2025-07-16,149.3000,151.5100,147.6740,150.9100,150.9100,57550300
2025-07-17,151.5600,155.6800,150.8200,153.9900,153.9900,60165500
2025-07-18,154.8600,154.9200,151.9000,153.5200,153.5200,45771600
2025-07-21,153.8800,155.4400,151.3600,151.7900,151.7900,45072800
2025-07-22,150.8500,151.7900,145.0620,149.0700,149.0700,49880800
2025-07-23,149.7400,155.0000,148.2870,154.6300,154.6300,48062000
2025-07-24,153.9800,155.6300,152.5750,154.8600,154.8600,38925700
2025-07-25,155.6300,160.3900,155.5800,158.8000,158.8000,57972300
2025-07-28,159.8800,160.2800,153.0400,157.8800,157.8800,63886900
2025-07-29,158.7150,160.1400,154.9100,156.2400,156.2400,42427200
2025-07-30,157.3650,159.3800,156.5600,158.6100,158.6100,40261700
2025-07-31,159.9900,160.8900,156.7300,158.3500,158.3500,45342600
2025-08-01,155.0500,158.1900,151.0580,154.2700,154.2700,61287000
2025-08-04,158.5300,161.4000,157.9300,160.6600,160.6600,82993600
2025-08-05,171.8100,176.3300,169.2200,173.2700,173.2700,130917500
2025-08-06,171.1750,180.5810,171.0100,179.5400,179.5400,82924800
2025-08-07,181.0100,184.4800,178.1700,182.2000,182.2000,77829200
2025-08-08,184.7350,187.9900,184.4100,186.9600,186.9600,62657900
2025-08-11,186.4700,187.1800,181.9200,182.6800,182.6800,56125600
2025-08-12,184.7000,190.0000,182.1000,186.9700,186.9700,54819000
2025-08-13,189.0000,189.4600,183.5900,184.3700,184.3700,53610000
2025-08-14,182.4100,185.3300,179.2000,181.0200,181.0200,53472900
2025-08-15,179.7250,180.0000,173.3800,177.1700,177.1700,60288700
2025-08-18,175.2700,177.9000,171.3900,174.0300,174.0300,62656600
2025-08-19,171.3600,172.3000,156.9000,157.7500,157.7500,137922700
2025-08-20,152.3000,156.4600,142.3400,156.0100,156.0100,220336400
2025-08-21,157.1700,157.9700,153.8100,156.1800,156.1800,94678600
2025-08-22,155.3150,163.2000,151.7700,158.7400,158.7400,102099200
2025-08-25,156.1000,158.5900,149.3700,157.1700,157.1700,86879800
2025-08-26,155.3900,162.1300,154.5700,160.8700,160.8700,86573700
2025-08-27,162.3200,162.4000,155.9800,156.7200,156.7200,76380600
2025-08-28,157.6300,158.2300,152.5500,158.1200,158.1200,57885200
2025-08-29,156.9800,158.4200,153.0000,156.7100,156.7100,45270500
2025-09-02,151.2000,158.3900,150.2800,157.0900,157.0900,65435000
2025-09-03,158.0000,161.1500,152.7100,154.9000,154.9000,66052300
2025-09-04,154.8650,157.0400,153.1600,156.1400,156.1400,53292300
2025-09-05,157.8200,158.9700,148.0400,153.1100,153.1100,81855900
2025-09-08,154.9100,158.3000,154.8400,156.1000,156.1000,47643000
2025-09-09,157.2500,162.7500,156.3700,162.3600,162.3600,61359500
2025-09-10,166.0000,169.0000,163.4400,166.7400,166.7400,62211400
2025-09-11,167.2400,167.4580,163.2200,164.3600,164.3600,42025500
2025-09-12,165.3500,171.5300,164.0100,171.4300,171.4300,54498500
2025-09-15,169.6000,171.8000,167.4100,171.2100,171.2100,45396100
2025-09-16,171.0400,171.3100,168.9600,170.2600,170.2600,34598700
2025-09-17,169.0200,169.6800,161.2700,168.3300,168.3300,69255500
2025-09-18,170.2700,178.8000,169.3900,176.9700,176.9700,70768600
2025-09-19,177.0700,184.4200,176.7100,182.3900,182.3900,109129900
2025-09-22,180.8800,182.2500,178.2900,179.3300,179.3300,45916700
2025-09-23,182.5100,185.7500,177.0100,182.5500,182.5500,62354800
2025-09-24,183.9100,184.8500,177.1200,179.5600,179.5600,45379700
2025-09-25,175.8000,184.3200,174.2900,179.1200,179.1200,72321200
2025-09-26,179.0500,180.1200,174.9100,177.5700,177.5700,44275800
2025-09-29,179.6400,181.4800,177.1600,178.8600,178.8600,38413800
2025-09-30,178.9800,182.7700,178.2200,182.4200,182.4200,43561700
2025-10-01,181.3200,186.2800,179.5000,184.9500,184.9500,45717300
2025-10-02,186.7000,188.2000,182.9500,187.0500,187.0500,39849200
2025-10-03,186.4000,186.8400,170.7700,173.0700,173.0700,105533400
2025-10-06,179.1800,182.9500,177.8300,179.5300,179.5300,52504200
2025-10-07,180.3100,186.1800,179.4200,182.1700,182.1700,58179300
2025-10-08,182.8000,184.2600,181.2000,183.5600,183.5600,36299700
2025-10-09,183.5800,187.6200,179.9500,185.4700,185.4700,45050300
2025-10-10,185.1700,187.1000,173.5300,175.4400,175.4400,55194000
2025-10-13,178.6800,179.2200,173.4500,177.2100,177.2100,41332400
2025-10-14,176.0000,182.3400,170.8200,179.7400,179.7400,49261400
2025-10-15,181.6550,184.3500,176.0200,179.6200,179.6200,37372100
2025-10-16,181.7800,184.8200,176.4500,178.1200,178.1200,42870900
2025-10-17,177.7500,181.5900,173.9500,178.1500,178.1500,43421500
2025-10-20,179.4900,183.0900,177.4400,181.5900,181.5900,31975800
2025-10-21,182.0600,182.3890,178.6500,181.5100,181.5100,27528100
2025-10-22,181.9300,182.2100,169.4200,175.4900,175.4900,58263100
2025-10-23,175.4450,181.5600,175.0100,180.4800,180.4800,35812300
2025-10-24,182.8800,186.1700,182.8500,184.6300,184.6300,34813500
2025-10-27,188.9700,192.8300,187.5200,189.1800,189.1800,47153100
2025-10-28,189.4800,191.7800,186.7800,189.6000,189.6000,38201000
2025-10-29,191.0800,199.8500,190.4900,198.8100,198.8100,65537300
2025-10-30,198.4250,199.6700,194.1200,194.5500,194.5500,43541700
2025-10-31,199.2000,204.1800,197.9200,200.4700,200.4700,52697600
2025-11-03,205.0450,207.5200,201.8200,207.1800,207.1800,81016800
2025-11-04,192.0700,195.7000,185.5600,190.7400,190.7400,121380900
2025-11-05,189.0000,190.3200,181.2100,187.9000,187.9000,76121000
2025-11-06,187.9900,191.0900,174.5300,175.0500,175.0500,78468600
2025-11-07,173.1500,178.7000,168.9100,177.9300,177.9300,73989700
2025-11-10,184.3100,194.9300,183.5200,193.6100,193.6100,87764200
2025-11-11,190.3350,192.9250,187.1300,190.9600,190.9600,49819700
2025-11-12,190.5800,190.5800,180.4000,184.1700,184.1700,55347100
2025-11-13,181.7150,182.7000,170.7310,172.1400,172.1400,63188800
2025-11-14,166.9750,177.2900,164.5000,174.0100,174.0100,62596800
2025-11-17,170.5300,174.2400,167.6800,171.2500,171.2500,50339000
2025-11-18,168.3700,172.8300,165.5000,167.3300,167.3300,53710100
2025-11-19,167.8000,169.6000,162.4200,165.4200,165.4200,46108200
2025-11-20,172.0700,174.5700,154.3950,155.7450,155.7450,78443900
2025-11-21,156.0100,158.1100,147.5600,154.8500,154.8500,71346400
2025-11-24,157.4700,165.1700,157.0000,162.2500,162.2500,57877800
2025-11-25,160.0700,164.6500,156.5550,163.5500,163.5500,36523500
2025-11-26,166.8500,168.3390,163.8800,165.7700,165.7700,34610500
2025-11-28,167.7600,168.8000,165.8750,168.4500,168.4500,17199500
2025-12-01,165.0000,169.1000,163.1200,167.4900,167.4900,27779600
2025-12-02,169.5900,175.7500,169.5900,170.6900,170.6900,35368000
2025-12-03,170.1400,177.9100,168.8300,176.0800,176.0800,30541600
2025-12-04,176.3650,178.4400,174.4300,177.9200,177.9200,29217800
2025-12-05,178.2300,182.1530,177.1600,181.7600,181.7600,32079300
2025-12-08,182.2100,183.8800,179.5400,181.4900,181.4900,30456700
2025-12-09,180.9700,182.8500,180.3800,181.8400,181.8400,18937600
2025-12-10,184.9500,190.3900,182.7500,187.9100,187.9100,59398000
2025-12-11,184.8000,188.0500,180.2100,187.5400,187.5400,36843200
2025-12-12,185.8100,186.5250,177.6670,183.5700,183.5700,42427400
2025-12-15,185.0800,187.7800,180.0300,183.2500,183.2500,32796100
2025-12-16,181.6550,188.5000,181.1420,187.7500,187.7500,42070300
2025-12-17,187.7150,187.7500,176.5000,177.2900,177.2900,50424700
2025-12-18,181.5100,187.3300,181.5100,185.6900,185.6900,40221500
2025-12-19,186.7400,195.0000,186.7300,193.3800,193.3800,76929400
2025-12-22,195.0400,198.8800,192.4300,193.9800,193.9800,36686000
2025-12-23,192.8250,195.3700,191.7350,194.1300,194.1300,24041000
2025-12-24,193.1600,195.1700,192.8300,194.1700,194.1700,11710100
2025-12-26,195.0150,196.3500,188.6200,188.7100,188.7100,26262000
2025-12-29,186.8500,187.2000,183.6400,184.1800,184.1800,28242000
2025-12-30,184.3500,184.7290,180.7000,180.8400,180.8400,23336300
2025-12-31,181.1300,181.5300,177.2500,177.7500,177.7500,22997400
2026-01-02,181.3000,181.3500,166.3500,167.8600,167.8600,60634100
2026-01-05,174.8800,175.8200,171.7900,174.0400,174.0400,39511700
2026-01-06,175.7600,180.1900,174.7700,179.7100,179.7100,34838600
2026-01-07,179.8000,187.2800,177.6600,181.6800,181.6800,45349000
2026-01-08,185.6150,185.6600,174.3700,176.8600,176.8600,47304300
2026-01-09,177.0200,178.7200,174.7500,177.4900,177.4900,31362900
2026-01-12,177.6850,182.5000,176.3400,179.4100,179.4100,34954500
2026-01-13,178.8750,181.1000,176.1400,178.9600,178.9600,27769400
2026-01-14,178.1250,181.5980,173.9500,178.4000,178.4000,33651400
2026-01-15,178.7100,180.6000,176.5300,177.0700,177.0700,31109200
2026-01-16,179.3600,182.4300,170.0100,170.9600,170.9600,59483600
2026-01-20,167.6250,171.9700,166.2400,168.5300,168.5300,36708500
2026-01-21,168.4020,169.4900,161.1100,165.3300,165.3300,47851200
2026-01-22,168.9250,169.0000,164.9500,165.9000,165.9000,28499500
2026-01-23,167.2700,172.0000,166.3000,169.6000,169.6000,30285700
2026-01-26,168.2100,170.5900,167.3250,167.4700,167.4700,22777200
2026-01-27,167.4800,169.4400,164.6900,165.7000,165.7000,26542300
2026-01-28,164.4000,165.0450,157.2400,157.3500,157.3500,44822800
2026-01-29,157.6300,157.6300,147.1200,151.8600,151.8600,59846800
2026-01-30,150.0500,151.0000,145.1390,146.5900,146.5900,47271000
2026-02-02,150.9400,151.4000,146.6540,147.7600,147.7600,72811100
2026-02-03,165.0500,165.0780,153.1200,157.8800,157.8800,113169200
2026-02-04,155.4100,155.8500,135.6800,139.5400,139.5400,113199500
2026-02-05,136.8200,137.9800,128.3200,130.0100,130.0100,93690800
2026-02-06,135.3300,137.6870,132.3500,135.9000,135.9000,62661400
2026-02-09,136.5800,145.8700,134.7760,142.9100,142.9100,58042500
2026-02-10,144.9650,145.5600,137.7700,139.5100,139.5100,56061300
2026-02-11,139.0250,139.2500,132.9500,135.6800,135.6800,52796100
2026-02-12,135.3600,135.8900,126.5600,129.1300,129.1300,74090600
2026-02-13,127.9000,133.5600,126.2330,131.4100,131.4100,49438100
2026-02-17,128.8950,134.3200,127.2900,133.0200,133.0200,48407100
2026-02-18,135.8900,140.9630,134.8700,135.3800,135.3800,59677100
2026-02-19,132.3100,136.1600,131.0100,134.8900,134.8900,42197200
2026-02-20,132.3650,136.2100,131.1700,135.2400,135.2400,53726800
2026-02-23,132.0400,132.0400,127.3900,130.6000,130.6000,52512200
2026-02-24,129.0050,130.2400,126.3700,128.8400,128.8400,47121400
2026-02-25,130.6100,136.0900,129.1800,134.1900,134.1900,53078300
2026-02-26,133.8450,137.5100,132.6300,135.9400,135.9400,45100000
2026-02-27,134.0700,138.1000,133.9800,137.1900,137.1900,59412400
2026-03-02,140.7750,147.1400,140.5200,145.1700,145.1700,72683900
2026-03-03,142.1000,147.5000,138.2000,147.2200,147.2200,67460200
2026-03-04,148.4300,154.5200,148.0600,153.1900,153.1900,60062200
2026-03-05,152.9400,156.3800,149.6100,152.6700,152.6700,50714500
2026-03-06,150.4400,161.4500,150.2900,157.1600,157.1600,74980900
2026-03-09,155.6900,158.4400,152.9700,156.4300,156.4300,47574200
2026-03-10,155.9900,156.6570,150.1400,151.1400,151.1400,47501400
2026-03-11,151.3800,153.1690,149.3300,151.6000,151.6000,33955900
2026-03-12,153.0100,155.8800,150.9800,153.5000,153.5000,54409800
2026-03-13,153.3000,154.5600,148.5800,150.9500,150.9500,42460600
2026-03-16,152.4500,153.8600,151.1700,152.7200,152.7200,32898900
2026-03-17,152.4050,156.7500,152.1200,155.0800,155.0800,37118500
2026-03-18,154.9450,156.6900,152.6100,152.7700,152.7700,32476700
2026-03-19,153.1000,156.1500,150.5000,155.6800,155.6800,33915900
2026-03-20,155.2000,156.6500,149.0900,150.6800,150.6800,48700200
2026-03-23,153.2400,161.0800,153.2400,160.8400,160.8400,57507100
2026-03-24,160.0700,162.4000,151.6400,154.7800,154.7800,56155700
2026-03-25,157.4200,160.2700,154.8550,154.9600,154.9600,38543300
2026-03-26,153.0550,153.1200,147.2500,147.5600,147.5600,43038400
2026-03-27,145.8800,145.9600,141.5600,143.0600,143.0600,35790800
2026-03-30,143.2700,144.1200,136.3000,137.5500,137.5500,41289800
2026-03-31,140.0200,147.8600,138.9700,146.2800,146.2800,45558600
2026-04-01,147.0000,148.3000,144.4700,146.4900,146.4900,34171000
2026-04-02,143.4850,148.5100,137.9900,148.4600,148.4600,30437000
2026-04-06,148.3600,150.6100,146.6310,147.9300,147.9300,25142200
2026-04-07,146.8820,150.2700,144.4500,150.0700,150.0700,28671100
2026-04-08,154.7650,156.2800,139.1700,140.7600,140.7600,64827700
2026-04-09,139.3950,139.5400,128.4700,130.4900,130.4900,92361400
2026-04-10,128.4800,129.2000,122.6800,128.0600,128.0600,116656800
2026-04-13,130.2300,134.4200,129.1500,132.3700,132.3700,65772800
2026-04-14,134.4270,138.0700,134.0000,135.7000,135.7000,52786800
2026-04-15,136.7900,142.5800,134.9300,142.1500,142.1500,48389400
2026-04-16,144.2900,145.5500,139.5300,142.7600,142.7600,43746000
2026-04-17,145.3150,148.2800,143.3000,146.3900,146.3900,50657600
2026-04-20,145.0000,147.2000,143.8300,145.8900,145.8900,33482700
2026-04-21,146.8100,149.8700,143.9990,145.9700,145.9700,44830000
2026-04-22,148.3600,152.6800,147.4100,152.6200,152.6200,43701500
2026-04-23,149.7000,150.2900,139.9200,141.5700,141.5700,58654400
2026-04-24,142.9600,143.3300,138.9300,143.0900,143.0900,38677200
2026-04-27,141.2500,145.0700,141.0100,143.1000,143.1000,31275400
2026-04-28,142.3000,143.8500,140.4200,141.1800,141.1800,24757200
2026-04-29,139.7600,139.7600,134.6800,137.9700,137.9700,33348100
2026-04-30,138.4750,140.2000,136.6500,139.1100,139.1100,32523600
2026-05-01,143.2500,146.4400,141.3900,144.0700,144.0700,33219900
2026-05-04,147.7500,149.6400,145.2250,146.0300,146.0300,70525900
2026-05-05,140.2950,142.9800,134.7200,135.9100,135.9100,89747100
2026-05-06,133.7100,135.7000,131.1500,133.7900,133.7900,55524800
2026-05-07,135.1000,140.9500,134.7800,137.0500,137.0500,50184900
2026-05-08,135.8650,137.8800,133.0200,137.8000,137.8000,41745400
2026-05-11,134.9100,137.1400,132.7710,136.8900,136.8900,41414500
2026-05-12,136.6000,137.4300,133.4600,136.0000,136.0000,38781100
2026-05-13,134.0060,136.9900,128.7500,130.0500,130.0500,55189400
2026-05-14,129.6500,134.4800,129.4500,133.7300,133.7300,37052600
2026-05-15,132.8000,135.6400,132.2900,133.9900,133.9900,32344600
