Date,PER,PBR
2015-03-31,18.9780,9.5817
2015-04-01,18.6799,9.4312
2015-04-02,18.7802,9.4818
2015-04-06,18.7747,9.4791
2015-04-07,18.5987,9.3902
2015-04-08,18.7829,9.4832
2015-04-09,18.5932,9.3874
2015-04-10,18.5662,9.3738
2015-04-13,18.4605,9.3204
2015-04-14,18.2275,9.2028
2015-04-15,18.0812,9.1289
2015-04-16,18.0107,9.0933
2015-04-17,17.6775,8.9251
2015-04-20,17.8726,9.0236
2015-04-21,17.9593,9.0674
2015-04-22,17.9918,9.0838
2015-04-23,17.9701,9.0728
2015-04-24,17.9593,9.0674
2015-04-27,17.6938,8.9333
2015-04-28,17.5881,8.8800
2015-04-29,17.4012,8.7856
2015-04-30,17.4852,8.8280
2015-05-01,17.7588,8.9661
2015-05-04,17.7561,8.9648
2015-05-05,17.7805,8.9771
2015-05-06,17.8374,9.0058
2015-05-07,17.9322,9.0537
2015-05-08,18.2383,9.2083
2015-05-11,18.1083,9.1426
2015-05-12,18.0430,9.1096
2015-05-13,17.9017,9.0383
2015-05-14,17.8447,9.0095
2015-05-15,17.9235,9.0493
2015-05-18,18.2795,9.2290
2015-05-19,18.8040,9.4938
2015-05-20,18.6057,9.3937
2015-05-21,18.4453,9.3127
2015-05-22,18.2523,9.2153
2015-05-26,17.9833,9.0795
2015-05-27,18.0730,9.1247
2015-05-28,17.9289,9.0520
2015-05-29,17.2234,8.7405
2015-06-01,17.4134,8.8369
2015-06-02,17.3599,8.8098
2015-06-03,17.6621,8.9632
2015-06-04,17.5525,8.9075
2015-06-05,17.5578,8.9102
2015-06-08,17.4588,8.8600
2015-06-09,17.3090,8.7840
2015-06-10,17.5284,8.8953
2015-06-11,17.5311,8.8966
2015-06-12,17.4883,8.8749
2015-06-15,17.4080,8.8342
2015-06-16,17.4856,8.8736
2015-06-17,17.5792,8.9211
2015-06-18,17.9671,9.1179
2015-06-19,17.8254,9.0460
2015-06-22,17.8012,9.0338
2015-06-23,18.0607,9.1655
2015-06-24,18.0795,9.1750
2015-06-25,18.0019,9.1356
2015-06-26,18.1972,9.2347
2015-06-29,17.6782,8.9713
2015-06-30,17.7023,8.9836
2015-07-01,18.0367,9.1532
2015-07-02,17.8708,9.0691
2015-07-06,17.9002,9.0840
2015-07-07,18.2508,9.2619
2015-07-08,18.0287,9.1492
2015-07-09,18.1036,9.1872
2015-07-10,18.2266,9.2496
2015-07-13,18.5022,9.3895
2015-07-14,18.4942,9.3854
2015-07-15,18.3845,9.3297
2015-07-16,18.5584,9.4180
2015-07-17,18.3898,9.3324
2015-07-20,18.4861,9.3813
2015-07-21,18.3336,9.3039
2015-07-22,18.3551,9.3148
2015-07-23,18.2561,9.2646
2015-07-24,18.0421,9.1560
2015-07-27,18.0153,9.1424
2015-07-28,18.1544,9.2130
2015-07-29,18.5824,9.4302
2015-07-30,18.6252,9.4519
2015-07-31,18.6787,9.4791
2015-08-03,18.5557,9.4166
2015-08-04,18.6092,9.4438
2015-08-05,18.7751,9.5279
2015-08-06,18.5905,9.4343
2015-08-07,18.6279,9.4533
2015-08-10,18.7724,9.5266
2015-08-11,18.7751,9.5279
2015-08-12,18.8019,9.5416
2015-08-13,18.9361,9.6097
2015-08-14,18.9441,9.6137
2015-08-17,19.2151,9.7513
2015-08-18,20.6024,10.4553
2015-08-19,20.0899,10.1952
2015-08-20,19.9450,10.1217
2015-08-21,19.1991,9.7431
2015-08-24,18.6302,9.4544
2015-08-25,18.4746,9.3755
2015-08-26,19.0004,9.6423
2015-08-27,19.1695,9.7281
2015-08-28,18.5701,9.5767
2015-08-31,18.4651,9.5225
2015-09-01,18.2209,9.3966
2015-09-02,18.6016,9.5929
2015-09-03,18.7591,9.6742
2015-09-04,18.5806,9.5821
2015-09-08,18.9955,9.7961
2015-09-09,18.6594,9.6228
2015-09-10,18.7723,9.6810
2015-09-11,18.8537,9.7230
2015-09-14,18.6988,9.6431
2015-09-15,18.6358,9.6106
2015-09-16,18.7933,9.6918
2015-09-17,19.0480,9.8232
2015-09-18,18.7382,9.6634
2015-09-21,18.8983,9.7460
2015-09-22,18.7014,9.6444
2015-09-23,18.6856,9.6363
2015-09-24,18.7040,9.6458
2015-09-25,18.6331,9.6092
2015-09-28,18.1421,9.3560
2015-09-29,18.2445,9.4088
2015-09-30,18.7539,9.6715
2015-10-01,18.5911,9.5876
2015-10-02,18.7434,9.6661
2015-10-05,18.7828,9.6864
2015-10-06,18.5832,9.5835
2015-10-07,18.8799,9.7365
2015-10-08,18.9666,9.7812
2015-10-09,19.1110,9.8557
2015-10-12,19.3211,9.9640
2015-10-13,19.1006,9.8503
2015-10-14,18.8458,9.7189
2015-10-15,18.8353,9.7135
2015-10-16,19.0191,9.8083
2015-10-19,19.1478,9.8746
2015-10-20,19.1714,9.8868
2015-10-21,19.0139,9.8056
2015-10-22,19.4051,10.0073
2015-10-23,18.8432,9.7175
2015-10-26,19.0218,9.8096
2015-10-27,18.8642,9.7284
2015-10-28,19.2292,9.9166
2015-10-29,19.1898,9.8963
2015-10-30,19.2187,9.9112
2015-11-02,19.2266,9.9153
2015-11-03,19.4918,10.0520
2015-11-04,19.3473,9.9775
2015-11-05,19.5154,10.0642
2015-11-06,19.1504,9.8760
2015-11-09,18.7159,9.6519
2015-11-10,18.9134,9.7537
2015-11-11,18.1919,9.3817
2015-11-12,17.9733,9.2689
2015-11-13,16.9094,8.7203
2015-11-16,17.2886,8.9158
2015-11-17,17.9548,9.2594
2015-11-18,17.9969,9.2811
2015-11-19,17.8284,9.1942
2015-11-20,18.4736,9.5270
2015-11-23,18.5895,9.5867
2015-11-24,18.5737,9.5786
2015-11-25,18.8686,9.7307
2015-11-27,18.7870,9.6886
2015-11-30,18.5921,9.5881
2015-12-01,18.5827,9.3803
2015-12-02,18.5696,9.3737
2015-12-03,18.3359,9.2557
2015-12-04,18.6379,9.4081
2015-12-07,18.6352,9.4068
2015-12-08,18.7271,9.4532
2015-12-09,18.5905,9.3843
2015-12-10,18.7665,9.4731
2015-12-11,18.5249,9.3511
2015-12-14,18.6221,9.4002
2015-12-15,18.4960,9.3366
2015-12-16,18.8636,9.5221
2015-12-17,18.5486,9.3631
2015-12-18,18.1994,9.1868
2015-12-21,18.2755,9.2253
2015-12-22,18.4829,9.3299
2015-12-23,18.7192,9.4492
2015-12-24,18.6116,9.3949
2015-12-28,18.5538,9.3657
2015-12-29,18.8400,9.5102
2015-12-30,18.7350,9.4572
2015-12-31,18.6168,9.3975
2016-01-04,18.5959,9.3869
2016-01-05,18.8873,9.5340
2016-01-06,18.4015,9.2888
2016-01-07,18.3753,9.2756
2016-01-08,17.5719,8.8701
2016-01-11,17.8004,8.9854
2016-01-12,18.0944,9.1338
2016-01-13,17.7715,8.9708
2016-01-14,17.9762,9.0742
2016-01-15,17.7242,8.9469
2016-01-19,17.8896,9.0304
2016-01-20,17.7084,8.9390
2016-01-21,17.8135,8.9920
2016-01-22,18.1023,9.1378
2016-01-25,18.0524,9.1126
2016-01-26,18.2965,9.2358
2016-01-27,18.1652,9.1696
2016-01-28,18.2178,9.1961
2016-01-29,18.7035,9.4413
2016-02-01,18.9582,9.5698
2016-02-02,19.1262,9.6546
2016-02-03,18.8977,9.5393
2016-02-04,18.5774,9.3776
2016-02-05,17.8423,9.0066
2016-02-08,17.8581,9.0145
2016-02-09,18.3427,9.2591
2016-02-10,18.2716,9.2233
2016-02-11,17.8845,9.0278
2016-02-12,18.4006,9.2884
2016-02-16,18.7956,9.4878
2016-02-17,18.9062,9.5436
2016-02-18,18.8588,9.5197
2016-02-19,18.8535,9.5170
2016-02-22,19.2328,9.7085
2016-02-23,19.1433,9.6633
2016-02-24,19.5515,9.8693
2016-02-25,19.7727,9.9810
2016-02-26,19.9201,10.0554
2016-02-29,19.5146,9.8507
2016-03-01,19.8754,10.0328
2016-03-02,19.8675,10.0289
2016-03-03,19.8095,9.9996
2016-03-04,19.8570,10.0235
2016-03-07,19.8490,10.0195
2016-03-08,19.8543,10.0222
2016-03-09,19.7384,9.9637
2016-03-10,19.8833,10.0368
2016-03-11,19.8807,10.0355
2016-03-14,19.9834,10.0873
2016-03-15,20.0281,10.1099
2016-03-16,20.0993,10.1458
2016-03-17,20.3363,10.2655
2016-03-18,20.5206,10.3585
2016-03-21,20.5022,10.3492
2016-03-22,20.4916,10.3439
2016-03-23,20.4679,10.3319
2016-03-24,20.3099,10.2522
2016-03-28,20.4785,10.3373
2016-03-29,20.3941,10.4475
2016-03-30,20.4096,10.4554
2016-03-31,20.3240,10.4116
2016-04-01,20.4356,10.4687
2016-04-04,20.3785,10.4395
2016-04-05,20.1580,10.3266
2016-04-06,20.1269,10.3106
2016-04-07,19.7637,10.1246
2016-04-08,19.7611,10.1232
2016-04-11,19.5718,10.0262
2016-04-12,19.7248,10.1046
2016-04-13,19.8778,10.1830
2016-04-14,19.8001,10.1432
2016-04-15,20.0517,10.2721
2016-04-18,20.1372,10.3159
2016-04-19,20.1606,10.3279
2016-04-20,20.1347,10.3146
2016-04-21,19.9765,10.2335
2016-04-22,19.8520,10.1698
2016-04-25,19.8441,10.1658
2016-04-26,20.0154,10.2535
2016-04-27,20.1658,10.3306
2016-04-28,19.9453,10.2176
2016-04-29,19.6677,10.0754
2016-05-02,20.1814,10.3385
2016-05-03,19.9816,10.2362
2016-05-04,19.9765,10.2335
2016-05-05,19.8545,10.1711
2016-05-06,19.8727,10.1804
2016-05-09,20.1762,10.3358
2016-05-10,19.9445,10.2172
2016-05-11,19.2678,9.8705
2016-05-12,19.3329,9.9039
2016-05-13,18.9165,9.6905
2016-05-16,19.5697,10.0252
2016-05-17,19.6739,10.0785
2016-05-18,19.4474,9.9625
2016-05-19,19.7285,10.1065
2016-05-20,19.6348,10.0585
2016-05-23,19.4422,9.9599
2016-05-24,19.5828,10.0319
2016-05-25,19.6035,10.0425
2016-05-26,19.7598,10.1225
2016-05-27,19.4817,9.6842
2016-05-31,19.3470,9.6172
2016-06-01,19.4690,9.6779
2016-06-02,19.5707,9.7284
2016-06-03,19.4258,9.6564
2016-06-06,19.3165,9.6021
2016-06-07,19.3826,9.6349
2016-06-08,19.5630,9.7246
2016-06-09,19.6494,9.7676
2016-06-10,19.5630,9.7246
2016-06-13,19.3165,9.6021
2016-06-14,19.3648,9.6261
2016-06-15,19.2962,9.5920
2016-06-16,19.2886,9.5882
2016-06-17,19.2276,9.5579
2016-06-20,19.4716,9.6791
2016-06-21,19.6368,9.7613
2016-06-22,19.5783,9.7322
2016-06-23,19.5402,9.7133
2016-06-24,18.9760,9.4328
2016-06-27,18.6887,9.2900
2016-06-28,18.9480,9.4189
2016-06-29,19.3953,9.6412
2016-06-30,19.6291,9.7575
2016-07-01,19.5605,9.7233
2016-07-05,19.4741,9.6804
2016-07-06,19.7257,9.8055
2016-07-07,19.6393,9.7625
2016-07-08,20.0688,9.9760
2016-07-11,20.0154,9.9495
2016-07-12,19.9545,9.9192
2016-07-13,19.8629,9.8737
2016-07-14,19.8375,9.8611
2016-07-15,19.7765,9.8308
2016-07-18,20.1451,10.0140
2016-07-19,20.1679,10.0253
2016-07-20,20.2493,10.0657
2016-07-21,20.1120,9.9975
2016-07-22,20.2899,10.0859
2016-07-25,20.5263,10.2035
2016-07-26,20.6382,10.2591
2016-07-27,20.6331,10.2565
2016-07-28,20.6483,10.2641
2016-07-29,20.7703,10.3248
2016-08-01,20.8059,10.3424
2016-08-02,20.4196,10.1504
2016-08-03,20.5136,10.1971
2016-08-04,20.6611,10.2704
2016-08-05,20.8364,10.3576
2016-08-08,20.7347,10.3071
2016-08-09,20.6276,10.2538
2016-08-10,20.7909,10.3350
2016-08-11,21.0178,10.4478
2016-08-12,21.1300,10.5035
2016-08-15,21.1045,10.4908
2016-08-16,19.8806,9.8825
2016-08-17,19.9367,9.9103
2016-08-18,19.8398,9.8622
2016-08-19,20.2324,10.0574
2016-08-22,20.1687,10.0257
2016-08-23,20.0642,9.9737
2016-08-24,20.0361,9.9598
2016-08-25,20.0922,9.9877
2016-08-26,19.8315,10.0928
2016-08-29,19.8013,10.0774
2016-08-30,19.5266,9.9376
2016-08-31,19.5165,9.9325
2016-09-01,19.5896,9.9697
2016-09-02,19.5770,9.9633
2016-09-06,19.4913,9.9197
2016-09-07,19.5442,9.9466
2016-09-08,19.2090,9.7760
2016-09-09,18.8411,9.5888
2016-09-12,19.0427,9.6914
2016-09-13,18.7277,9.5310
2016-09-14,18.6924,9.5131
2016-09-15,18.9117,9.6247
2016-09-16,18.8184,9.5772
2016-09-19,18.8234,9.5798
2016-09-20,18.9167,9.6273
2016-09-21,19.1788,9.7606
2016-09-22,19.2796,9.8119
2016-09-23,19.1586,9.7504
2016-09-26,18.9470,9.6427
2016-09-27,18.9620,9.6503
2016-09-28,18.7478,9.5413
2016-09-29,18.6168,9.4746
2016-09-30,18.8461,9.5914
2016-10-03,18.7377,9.5362
2016-10-04,18.7478,9.5413
2016-10-05,18.6999,9.5169
2016-10-06,18.7050,9.5195
2016-10-07,18.5840,9.4579
2016-10-10,18.8587,9.5978
2016-10-11,18.7075,9.5208
2016-10-12,18.9998,9.6696
2016-10-13,18.7680,9.5516
2016-10-14,18.7075,9.5208
2016-10-17,18.4781,9.4041
2016-10-18,18.4379,9.3836
2016-10-19,18.5134,9.4220
2016-10-20,18.4706,9.4002
2016-10-21,18.5210,9.4259
2016-10-24,18.6949,9.5144
2016-10-25,18.5538,9.4426
2016-10-26,18.6722,9.5028
2016-10-27,18.4429,9.3861
2016-10-28,18.5185,9.4246
2016-10-31,18.5866,9.4592
2016-11-01,18.2639,9.2951
2016-11-02,18.3320,9.3297
2016-11-03,18.0951,9.2091
2016-11-04,18.1253,9.2245
2016-11-07,18.4807,9.4054
2016-11-08,18.5212,9.4260
2016-11-09,18.7008,9.5174
2016-11-10,19.0675,9.7040
2016-11-11,19.0675,9.7040
2016-11-14,18.7715,9.5534
2016-11-15,18.5869,9.4594
2016-11-16,19.3204,9.8327
2016-11-17,19.4999,9.9241
2016-11-18,19.6593,10.0052
2016-11-21,19.6441,9.9975
2016-11-22,20.0589,10.2086
2016-11-23,20.0893,10.2240
2016-11-25,20.0412,10.1996
2016-11-28,19.8920,10.1236
2016-11-29,19.9325,10.1442
2016-11-30,19.8136,10.2919
2016-12-01,19.6441,10.2039
2016-12-02,19.4999,10.1290
2016-12-05,19.5581,10.1592
2016-12-06,19.5859,10.1736
2016-12-07,19.7757,10.2722
2016-12-08,19.7226,10.2446
2016-12-09,19.7352,10.2512
2016-12-12,19.4974,10.1276
2016-12-13,19.7933,10.2814
2016-12-14,19.5506,10.1553
2016-12-15,19.5809,10.1710
2016-12-16,19.4165,10.0856
2016-12-19,19.4595,10.1079
2016-12-20,19.6315,10.1973
2016-12-21,19.5885,10.1749
2016-12-22,19.3330,10.0423
2016-12-23,19.3330,10.0423
2016-12-27,19.2850,10.0173
2016-12-28,19.0472,9.8938
2016-12-29,19.1484,9.9464
2016-12-30,19.0017,9.8701
2017-01-03,19.0826,9.9122
2017-01-04,19.3786,10.0659
2017-01-05,19.2597,10.0041
2017-01-06,19.2167,9.9818
2017-01-09,19.2470,9.9976
2017-01-10,19.3962,10.0751
2017-01-11,19.2799,10.0147
2017-01-12,19.2041,9.9753
2017-01-13,19.2041,9.9753
2017-01-17,19.4114,10.0830
2017-01-18,19.3937,10.0738
2017-01-19,18.9890,9.8636
2017-01-20,19.0928,9.9175
2017-01-23,18.8398,9.7861
2017-01-24,18.8651,9.7992
2017-01-25,19.0776,9.9096
2017-01-26,18.9840,9.8610
2017-01-27,18.7817,9.7559
2017-01-30,18.7260,9.7270
2017-01-31,18.9486,9.8426
2017-02-01,18.8879,9.8110
2017-02-02,18.9511,9.8439
2017-02-03,19.0877,9.9148
2017-02-06,19.0523,9.8964
2017-02-07,19.0929,9.9175
2017-02-08,19.1639,9.9544
2017-02-09,19.3162,10.0335
2017-02-10,19.5548,10.1574
2017-02-13,19.5168,10.1377
2017-02-14,19.8162,10.2933
2017-02-15,19.8543,10.3130
2017-02-16,19.4990,10.1285
2017-02-17,19.5903,10.1759
2017-02-21,19.3492,10.0507
2017-02-22,19.3772,10.0652
2017-02-23,19.7477,10.2576
2017-02-24,19.8594,10.3157
2017-02-27,19.9533,10.3644
2017-02-28,19.9101,10.3420
2017-03-01,19.9101,10.3420
2017-03-02,20.1487,10.4659
2017-03-03,20.0040,10.3908
2017-03-06,19.9482,10.3618
2017-03-07,19.8721,10.3223
2017-03-08,19.9101,10.3420
2017-03-09,19.7807,10.2748
2017-03-10,19.8416,10.3064
2017-03-13,19.8111,10.2906
2017-03-14,19.8670,10.3196
2017-03-15,20.0954,10.4382
2017-03-16,20.1055,10.4435
2017-03-17,20.1055,10.4435
2017-03-20,19.8416,10.3064
2017-03-21,19.8187,10.2945
2017-03-22,19.9583,10.3671
2017-03-23,19.9050,10.3394
2017-03-24,19.9050,10.3394
2017-03-27,19.8848,10.3288
2017-03-28,19.9184,9.8640
2017-03-29,20.1638,9.9855
2017-03-30,20.1866,9.9968
2017-03-31,20.0120,9.9103
2017-04-03,19.8222,9.8164
2017-04-04,19.4123,9.6133
2017-04-05,19.2149,9.5156
2017-04-06,19.4350,9.6246
2017-04-07,19.2553,9.5356
2017-04-10,19.2376,9.5269
2017-04-11,19.4831,9.6484
2017-04-12,19.5084,9.6609
2017-04-13,19.4375,9.6259
2017-04-17,19.3540,9.5845
2017-04-18,19.4451,9.6296
2017-04-19,19.4603,9.6372
2017-04-20,19.7817,9.7963
2017-04-21,19.8804,9.8452
2017-04-24,19.8956,9.8527
2017-04-25,19.9361,9.8727
2017-04-26,19.9715,9.8903
2017-04-27,19.9842,9.8966
2017-04-28,19.9006,9.8552
2017-05-01,19.6501,9.7311
2017-05-02,19.9690,9.8890
2017-05-03,20.0272,9.9179
2017-05-04,19.9842,9.8966
2017-05-05,19.9133,9.8615
2017-05-08,19.8652,9.8377
2017-05-09,20.0667,9.9374
2017-05-10,20.5088,10.1564
2017-05-11,20.1912,9.9991
2017-05-12,19.6424,9.7273
2017-05-15,19.5382,9.6757
2017-05-16,18.7404,9.2806
2017-05-17,18.9971,9.4077
2017-05-18,18.9234,9.3712
2017-05-19,18.8700,9.3448
2017-05-22,19.1292,9.4732
2017-05-23,18.9031,9.3612
2017-05-24,18.7988,9.3096
2017-05-25,19.1495,9.4832
2017-05-26,19.1902,9.3800
2017-05-30,19.0174,9.2956
2017-05-31,19.1088,9.3403
2017-06-01,19.2842,9.4260
2017-06-02,19.1114,9.3415
2017-06-05,19.0631,9.3179
2017-06-06,18.7938,9.1863
2017-06-07,18.8497,9.2136
2017-06-08,18.4914,9.0385
2017-06-09,18.7201,9.1503
2017-06-12,18.7429,9.1614
2017-06-13,18.7786,9.1788
2017-06-14,18.5905,9.0869
2017-06-15,18.4305,9.0087
2017-06-16,18.4050,8.9963
2017-06-19,18.3822,8.9851
2017-06-20,17.8309,8.7156
2017-06-21,17.6327,8.6187
2017-06-22,17.4675,8.5380
2017-06-23,17.5997,8.6026
2017-06-26,17.7699,8.6858
2017-06-27,17.7750,8.6883
2017-06-28,18.1434,8.8684
2017-06-29,18.0595,8.8274
2017-06-30,18.3365,8.9628
2017-07-03,18.1840,8.8882
2017-07-05,18.0849,8.8398
2017-07-06,17.8588,8.7293
2017-07-07,17.8740,8.7367
2017-07-10,17.4497,8.5293
2017-07-11,17.4294,8.5194
2017-07-12,17.5132,8.5604
2017-07-13,17.7801,8.6908
2017-07-14,17.7343,8.6684
2017-07-17,17.8766,8.7380
2017-07-18,17.7724,8.6871
2017-07-19,17.8613,8.7305
2017-07-20,17.6835,8.6436
2017-07-21,17.5108,8.5592
2017-07-24,16.9975,8.3083
2017-07-25,17.4548,8.5318
2017-07-26,17.3964,8.5032
2017-07-27,17.6936,8.6486
2017-07-28,17.6835,8.6436
2017-07-31,17.8639,8.7318
2017-08-01,17.9680,8.7827
2017-08-02,17.9147,8.7566
2017-08-03,17.6835,8.6436
2017-08-04,17.8258,8.7131
2017-08-07,17.9579,8.7777
2017-08-08,18.2471,8.9191
2017-08-09,18.1858,8.8891
2017-08-10,17.9306,8.7644
2017-08-11,18.1373,8.8654
2017-08-14,17.7672,8.6845
2017-08-15,17.9051,8.7519
2017-08-16,18.2700,8.9303
2017-08-17,17.9280,8.7631
2017-08-18,17.9842,8.7906
2017-08-21,18.2368,8.9141
2017-08-22,18.2725,8.9315
2017-08-23,18.2700,8.9303
2017-08-24,18.0914,8.8430
2017-08-25,19.3531,8.8677
2017-08-28,19.3883,8.8838
2017-08-29,19.3046,8.8454
2017-08-30,19.4558,8.9147
2017-08-31,19.5233,8.9457
2017-09-01,19.5449,8.9556
2017-09-05,19.5341,8.9506
2017-09-06,19.7204,9.0360
2017-09-07,19.6907,9.0224
2017-09-08,19.5476,8.9568
2017-09-11,19.6691,9.0125
2017-09-12,19.8581,9.0991
2017-09-13,19.8446,9.0929
2017-09-14,19.7690,9.0582
2017-09-15,19.9121,9.1238
2017-09-18,19.8257,9.0842
2017-09-19,19.6664,9.0112
2017-09-20,19.5557,8.9605
2017-09-21,19.6637,9.0100
2017-09-22,19.5638,8.9642
2017-09-25,19.9365,9.1350
2017-09-26,19.9229,9.1288
2017-09-27,20.0256,9.1758
2017-09-28,19.9688,9.1498
2017-09-29,19.9094,9.1226
2017-10-02,19.8203,9.0818
2017-10-03,19.9338,9.1337
2017-10-04,19.8878,9.1127
2017-10-05,19.9310,9.1325
2017-10-06,19.8743,9.1065
2017-10-09,19.7204,9.0360
2017-10-10,19.5098,8.9395
2017-10-11,19.5908,8.9766
2017-10-12,19.3829,8.8813
2017-10-13,19.4612,8.9172
2017-10-16,19.2182,8.8058
2017-10-17,19.3883,8.8838
2017-10-18,19.2533,8.8219
2017-10-19,19.2829,8.8355
2017-10-20,19.4666,8.9197
2017-10-23,19.4963,8.9333
2017-10-24,19.3720,8.8764
2017-10-25,19.2911,8.8393
2017-10-26,19.2991,8.8430
2017-10-27,19.0480,8.7279
2017-10-30,18.7267,8.5806
2017-10-31,18.8482,8.6363
2017-11-01,18.8266,8.6264
2017-11-02,18.9589,8.6871
2017-11-03,18.5242,8.4879
2017-11-06,18.4243,8.4421
2017-11-07,18.4432,8.4507
2017-11-08,18.4413,8.4499
2017-11-09,18.7857,8.6077
2017-11-10,19.0489,8.7283
2017-11-13,19.1954,8.7954
2017-11-14,18.4304,8.4449
2017-11-15,18.7288,8.5816
2017-11-16,18.7343,8.5841
2017-11-17,19.2659,8.8277
2017-11-20,19.3120,8.8489
2017-11-21,19.3229,8.8538
2017-11-22,19.1439,8.7718
2017-11-24,19.2253,8.8091
2017-11-27,19.2497,8.8203
2017-11-28,17.4177,8.7715
2017-11-29,17.9284,9.0287
2017-11-30,18.1130,9.1217
2017-12-01,18.0650,9.0975
2017-12-04,18.4606,9.2967
2017-12-05,18.1250,9.1277
2017-12-06,17.9931,9.0613
2017-12-07,17.7030,8.9152
2017-12-08,17.7126,8.9200
2017-12-11,17.5736,8.8500
2017-12-12,17.6503,8.8886
2017-12-13,17.7174,8.9225
2017-12-14,17.6023,8.8645
2017-12-15,17.7821,8.9550
2017-12-18,18.0938,9.1120
2017-12-19,18.2352,9.1832
2017-12-20,18.1729,9.1518
2017-12-21,18.2928,9.2122
2017-12-22,18.2808,9.2062
2017-12-26,18.5685,9.3511
2017-12-27,18.4534,9.2931
2017-12-28,18.3119,9.2219
2017-12-29,18.3311,9.2315
2018-01-02,18.3863,9.2593
2018-01-03,18.0555,9.0927
2018-01-04,18.0842,9.1072
2018-01-05,18.4966,9.3148
2018-01-08,18.1370,9.1337
2018-01-09,18.1010,9.1156
2018-01-10,18.2856,9.2086
2018-01-11,18.4318,9.2822
2018-01-12,18.7675,9.4513
2018-01-16,18.3623,9.2472
2018-01-17,18.3599,9.2460
2018-01-18,18.5205,9.3269
2018-01-19,18.9137,9.5249
2018-01-22,19.0504,9.5937
2018-01-23,19.0168,9.5768
2018-01-24,19.0001,9.5684
2018-01-25,19.0024,9.5696
2018-01-26,19.3021,9.7205
2018-01-29,19.3789,9.7592
2018-01-30,19.2638,9.7012
2018-01-31,19.2566,9.6976
2018-02-01,19.2038,9.6710
2018-02-02,18.8130,9.4742
2018-02-05,18.2352,9.1832
2018-02-06,18.2185,9.1748
2018-02-07,18.2688,9.2001
2018-02-08,17.8277,8.9780
2018-02-09,18.1345,9.1325
2018-02-12,18.1514,9.1410
2018-02-13,18.1130,9.1217
2018-02-14,18.4339,9.2833
2018-02-15,18.7734,9.4542
2018-02-16,18.7492,9.4421
2018-02-20,18.3857,9.2590
2018-02-21,18.2582,9.1948
2018-02-22,18.3930,9.2627
2018-02-23,18.7685,9.4518
2018-02-26,18.9828,9.5597
2018-02-27,18.6121,9.3730
2018-02-28,19.9049,10.0241
2018-03-01,19.9434,10.0434
2018-03-02,20.1384,10.1416
2018-03-05,20.1817,10.1635
2018-03-06,20.3165,10.2314
2018-03-07,19.8928,10.0180
2018-03-08,19.9001,10.0216
2018-03-09,19.9024,10.0228
2018-03-12,19.8543,9.9986
2018-03-13,19.8134,9.9780
2018-03-14,19.7123,9.9271
2018-03-15,19.5823,9.8616
2018-03-16,19.5991,9.8701
2018-03-19,19.5943,9.8676
2018-03-20,19.7026,9.9222
2018-03-21,19.9530,10.0483
2018-03-22,19.5004,9.8204
2018-03-23,19.2308,9.6846
2018-03-26,19.5172,9.8288
2018-03-27,19.3656,9.7525
2018-03-28,19.4258,9.7828
2018-03-29,19.6352,9.8882
2018-04-02,19.3945,9.7670
2018-04-03,19.8206,9.9816
2018-04-04,18.5141,9.1104
2018-04-05,18.7324,9.2178
2018-04-06,18.3973,9.0529
2018-04-09,18.2143,8.9628
2018-04-10,18.1613,8.9368
2018-04-11,18.0908,8.9021
2018-04-12,18.1966,8.9542
2018-04-13,17.9166,8.8164
2018-04-16,18.2429,8.9769
2018-04-17,18.3995,9.0540
2018-04-18,18.3400,9.0247
2018-04-19,18.2209,8.9661
2018-04-20,18.1856,8.9487
2018-04-23,18.3509,9.0301
2018-04-24,18.3201,9.0149
2018-04-25,18.3730,9.0410
2018-04-26,18.7633,9.2330
2018-04-27,19.0719,9.3849
2018-04-30,18.7081,9.2059
2018-05-01,18.4259,9.0670
2018-05-02,18.4171,9.0626
2018-05-03,18.4237,9.0659
2018-05-04,18.2628,8.9867
2018-05-07,18.0555,8.8847
2018-05-08,18.2076,8.9596
2018-05-09,18.4965,9.1017
2018-05-10,18.3598,9.0344
2018-05-11,18.5361,9.1212
2018-05-14,18.7236,9.2135
2018-05-15,18.8713,9.2862
2018-05-16,18.8691,9.2851
2018-05-17,19.1083,9.4028
2018-05-18,18.7805,9.2415
2018-05-21,18.7605,9.2317
2018-05-22,19.3697,9.5314
2018-05-23,19.4671,9.5794
2018-05-24,19.6554,9.6720
2018-05-25,19.5158,9.6033
2018-05-29,19.5734,9.6317
2018-05-30,19.8857,9.7853
2018-05-31,20.0053,9.8442
2018-06-01,18.6002,9.6127
2018-06-04,19.1207,9.8816
2018-06-05,19.3429,9.9965
2018-06-06,19.3984,10.0252
2018-06-07,19.4395,10.0464
2018-06-08,19.5301,10.0932
2018-06-11,19.5445,10.1006
2018-06-12,19.6288,10.1442
2018-06-13,19.4869,10.0709
2018-06-14,19.4519,10.0528
2018-06-15,19.5774,10.1177
2018-06-18,19.7399,10.2016
2018-06-19,19.6967,10.1793
2018-06-20,19.8962,10.2824
2018-06-21,19.8078,10.2367
2018-06-22,19.5589,10.1081
2018-06-25,19.5856,10.1219
2018-06-26,19.5774,10.1177
2018-06-27,19.3799,10.0156
2018-06-28,19.6103,10.1347
2018-06-29,19.5794,10.1187
2018-07-02,19.5239,10.0900
2018-07-03,19.5732,10.1155
2018-07-05,19.5568,10.1070
2018-07-06,19.6555,10.1581
2018-07-09,19.6864,10.1740
2018-07-10,19.5486,10.1028
2018-07-11,19.6165,10.1379
2018-07-12,19.3881,10.0199
2018-07-13,19.6103,10.1347
2018-07-16,19.5815,10.1198
2018-07-17,19.8098,10.2378
2018-07-18,19.8756,10.2718
2018-07-19,20.0958,10.3856
2018-07-20,19.9682,10.3197
2018-07-23,20.0690,10.3717
2018-07-24,19.9559,10.3133
2018-07-25,20.0937,10.3845
2018-07-26,20.0608,10.3675
2018-07-27,19.8612,10.2644
2018-07-30,19.9065,10.2877
2018-07-31,20.0073,10.3399
2018-08-01,19.8325,10.2495
2018-08-02,20.0485,10.3611
2018-08-03,20.0752,10.3749
2018-08-06,20.2130,10.4462
2018-08-07,20.3118,10.4972
2018-08-08,20.5154,10.6024
2018-08-09,20.5319,10.6109
2018-08-10,20.7149,10.7056
2018-08-13,20.4372,10.5620
2018-08-14,20.7766,10.7374
2018-08-15,20.4421,10.5646
2018-08-16,20.5536,10.6222
2018-08-17,20.7229,10.7097
2018-08-20,20.9914,10.8484
2018-08-21,21.9847,11.3618
2018-08-22,21.8402,11.2871
2018-08-23,22.1891,11.4674
2018-08-24,22.3151,11.5325
2018-08-27,22.1912,11.4685
2018-08-28,22.2222,11.4845
2018-08-29,22.4143,11.5838
2018-08-30,22.4101,11.5816
2018-08-31,21.1534,11.7319
2018-09-04,21.4362,11.8887
2018-09-05,21.3766,11.8556
2018-09-06,21.2746,11.7991
2018-09-07,21.1457,11.7276
2018-09-10,21.3150,11.8215
2018-09-11,21.2342,11.7767
2018-09-12,21.2150,11.7660
2018-09-13,20.9630,11.6263
2018-09-14,20.9226,11.6039
2018-09-17,20.7668,11.5175
2018-09-18,20.9803,11.6359
2018-09-19,21.0400,11.6689
2018-09-20,21.0727,11.6871
2018-09-21,21.1034,11.7041
2018-09-24,21.1054,11.7052
2018-09-25,21.2208,11.7692
2018-09-26,21.4939,11.9207
2018-09-27,21.5074,11.9282
2018-09-28,21.5478,11.9506
2018-10-01,21.5882,11.9730
2018-10-02,21.2400,11.7799
2018-10-03,21.2246,11.7714
2018-10-04,21.2131,11.7650
2018-10-05,21.2169,11.7671
2018-10-08,21.3150,11.8215
2018-10-09,21.4285,11.8844
2018-10-10,20.8976,11.5900
2018-10-11,20.7284,11.4961
2018-10-12,21.0515,11.6754
2018-10-15,21.2573,11.7895
2018-10-16,21.5920,11.9751
2018-10-17,21.3131,11.8204
2018-10-18,21.0900,11.6967
2018-10-19,20.6322,11.4428
2018-10-22,20.8995,11.5911
2018-10-23,20.5648,11.4054
2018-10-24,20.4340,11.3329
2018-10-25,20.4860,11.3617
2018-10-26,20.4937,11.3660
2018-10-29,20.8514,11.5644
2018-10-30,21.1919,11.7532
2018-10-31,21.1361,11.7223
2018-11-01,21.1861,11.7500
2018-11-02,21.0611,11.6807
2018-11-05,21.2131,11.7650
2018-11-06,21.0727,11.6871
2018-11-07,21.3208,11.8247
2018-11-08,21.3670,11.8503
2018-11-09,21.4054,11.8716
2018-11-12,20.9938,11.6433
2018-11-13,20.6783,11.4684
2018-11-14,20.3251,11.2725
2018-11-15,20.2594,11.2360
2018-11-16,19.8810,11.0262
2018-11-19,18.9041,10.4844
2018-11-20,18.0779,10.0261
2018-11-21,17.8230,9.8848
2018-11-23,17.7072,9.8206
2018-11-26,17.8076,9.8762
2018-11-27,17.5875,9.7542
2018-11-28,18.4755,10.2467
2018-11-29,18.3365,10.1696
2018-11-30,18.8617,10.4608
2018-12-03,18.6841,10.3623
2018-12-04,19.8726,9.9760
2018-12-06,19.5735,9.8258
2018-12-07,19.0806,9.5784
2018-12-10,19.4681,9.7729
2018-12-11,19.2659,9.6714
2018-12-12,19.4218,9.7497
2018-12-13,19.2996,9.6883
2018-12-14,19.0511,9.5636
2018-12-17,18.6803,9.3775
2018-12-18,18.5666,9.3204
2018-12-19,18.3854,9.2294
2018-12-20,17.8757,8.9735
2018-12-21,17.6650,8.8678
2018-12-24,17.5386,8.8043
2018-12-26,18.4697,9.2717
2018-12-27,18.4697,9.2717
2018-12-28,18.4570,9.2654
2018-12-31,18.8488,9.4620
2019-01-02,18.8151,9.4451
2019-01-03,18.6171,9.3457
2019-01-04,19.1269,9.6016
2019-01-07,19.6409,9.8597
2019-01-08,19.9315,10.0056
2019-01-09,19.9147,9.9971
2019-01-10,19.8389,9.9590
2019-01-11,19.9948,10.0373
2019-01-14,19.7083,9.8935
2019-01-15,19.9358,10.0077
2019-01-16,20.0243,10.0521
2019-01-17,20.2222,10.1515
2019-01-18,20.7110,10.3968
2019-01-22,20.5340,10.3080
2019-01-23,20.4919,10.2868
2019-01-24,20.5087,10.2953
2019-01-25,20.5888,10.3355
2019-01-28,20.6267,10.3545
2019-01-29,20.5340,10.3080
2019-01-30,20.6014,10.3419
2019-01-31,20.9511,10.5174
2019-02-01,20.6014,10.3419
2019-02-04,20.6393,10.3609
2019-02-05,20.7362,10.4095
2019-02-06,20.5424,10.3122
2019-02-07,20.4414,10.2615
2019-02-08,20.6183,10.3503
2019-02-11,20.6857,10.3841
2019-02-12,20.9595,10.5216
2019-02-13,21.1012,10.5927
2019-02-14,20.9363,10.5099
2019-02-15,21.2450,10.6649
2019-02-19,21.3507,10.7180
2019-02-20,21.3635,10.7244
2019-02-21,21.2028,10.6437
2019-02-22,21.2958,10.6904
2019-02-25,20.8940,10.4887
2019-02-26,21.0293,10.5566
2019-02-27,21.8076,10.9473
2019-02-28,21.6934,10.8900
2019-03-01,22.0021,11.0450
2019-03-04,21.7441,10.9155
2019-03-05,21.8499,10.9685
2019-03-06,21.9641,11.0259
2019-03-07,21.8879,10.9876
2019-03-08,21.4523,10.7690
2019-03-11,21.8668,10.9770
2019-03-12,21.9683,11.0280
2019-03-13,22.1967,11.1427
2019-03-14,22.0359,11.0620
2019-03-15,21.8964,10.9919
2019-03-18,22.1417,11.1150
2019-03-19,22.0867,11.0875
2019-03-20,22.2221,11.1554
2019-03-21,22.2009,11.1448
2019-03-22,22.1375,11.1129
2019-03-25,22.3278,11.2085
2019-03-26,22.3489,11.2191
2019-03-27,22.4420,11.2658
2019-03-28,22.4420,11.2658
2019-03-29,22.5054,11.2976
2019-04-01,22.5054,11.2976
2019-04-02,22.4504,11.2700
2019-04-03,22.5412,11.5780
2019-04-04,22.9990,11.8131
2019-04-05,22.9397,11.7826
2019-04-08,23.0330,11.8306
2019-04-09,22.8167,11.7195
2019-04-10,23.0796,11.8545
2019-04-11,22.8464,11.7347
2019-04-12,22.8803,11.7522
2019-04-15,22.9948,11.8110
2019-04-16,23.1008,11.8654
2019-04-17,23.3424,11.9895
2019-04-18,23.3679,12.0026
2019-04-22,23.0669,11.8480
2019-04-23,23.3976,12.0178
2019-04-24,23.4950,12.0679
2019-04-25,23.3509,11.9939
2019-04-26,23.3424,11.9895
2019-04-29,23.2237,11.9286
2019-04-30,23.2661,11.9503
2019-05-01,22.8676,11.7456
2019-05-02,23.0838,11.8567
2019-05-03,22.9058,11.7652
2019-05-06,22.9736,11.8001
2019-05-07,22.6472,11.6324
2019-05-08,22.8973,11.7609
2019-05-09,22.8252,11.7238
2019-05-10,22.9948,11.8110
2019-05-13,22.2487,11.4277
2019-05-14,22.2911,11.4495
2019-05-15,22.2868,11.4473
2019-05-16,22.4358,11.5239
2019-05-17,22.5849,11.6004
2019-05-20,22.5550,11.5851
2019-05-21,22.6785,11.6485
2019-05-22,22.0228,11.3117
2019-05-23,22.2102,11.4079
2019-05-24,21.9802,11.2898
2019-05-28,21.3202,10.9508
2019-05-29,21.1755,10.8765
2019-05-30,21.5289,11.0580
2019-05-31,21.3638,10.8033
2019-06-03,21.1939,10.7174
2019-06-04,21.5380,10.8914
2019-06-05,21.7335,10.9902
2019-06-06,21.6230,10.9344
2019-06-07,22.0563,11.1535
2019-06-10,21.9331,11.0912
2019-06-11,22.1157,11.1835
2019-06-12,22.1455,11.1986
2019-06-13,22.4386,11.3468
2019-06-14,22.6595,11.4585
2019-06-17,22.7530,11.5058
2019-06-18,22.8677,11.5638
2019-06-19,22.9994,11.6304
2019-06-20,22.8677,11.5638
2019-06-21,22.4854,11.3705
2019-06-24,22.4216,11.3382
2019-06-25,22.5364,11.3962
2019-06-26,22.4514,11.3533
2019-06-27,22.4641,11.3597
2019-06-28,22.4641,11.3597
2019-07-01,22.4981,11.3769
2019-07-02,22.4216,11.3382
2019-07-03,22.9059,11.5831
2019-07-05,23.1226,11.6927
2019-07-08,23.3435,11.8044
2019-07-09,23.2755,11.7700
2019-07-10,23.4327,11.8495
2019-07-11,23.7300,11.9999
2019-07-12,24.0827,12.1782
2019-07-15,23.9892,12.1309
2019-07-16,23.8830,12.0772
2019-07-17,23.9170,12.0944
2019-07-18,23.4582,11.8624
2019-07-19,23.2118,11.7378
2019-07-22,23.0249,11.6433
2019-07-23,23.2160,11.7399
2019-07-24,23.3647,11.8151
2019-07-25,23.3860,11.8259
2019-07-26,23.6876,11.9784
2019-07-29,23.5516,11.9096
2019-07-30,23.3562,11.8108
2019-07-31,23.1778,11.7206
2019-08-01,22.3409,11.2974
2019-08-02,22.2432,11.2480
2019-08-05,21.5380,10.8914
2019-08-06,22.2390,11.2459
2019-08-07,22.1625,11.2072
2019-08-08,22.7402,11.4993
2019-08-09,22.4981,11.3769
2019-08-12,21.9714,11.1105
2019-08-13,22.7445,11.5015
2019-08-14,21.9424,11.0959
2019-08-15,21.4176,10.8305
2019-08-16,21.9253,11.0873
2019-08-19,21.9936,11.1218
2019-08-20,21.9765,11.1131
2019-08-21,22.8256,11.5425
2019-08-22,23.4143,11.8402
2019-08-23,22.6507,11.4540
2019-08-26,22.8042,11.5317
2019-08-27,22.7871,11.5231
2019-08-28,23.2991,11.7819
2019-08-29,23.6362,11.9524
2019-08-30,23.0753,11.4425
2019-09-03,22.7815,11.2967
2019-09-04,22.8360,11.3238
2019-09-05,23.4112,11.6090
2019-09-06,23.5665,11.6860
2019-09-09,23.8393,11.8213
2019-09-10,23.8939,11.8484
2019-09-11,23.8016,11.8026
2019-09-12,23.8225,11.8130
2019-09-13,23.7512,11.7776
2019-09-16,23.2684,11.5382
2019-09-17,23.4615,11.6340
2019-09-18,23.6211,11.7131
2019-09-19,23.7008,11.7526
2019-09-20,23.0082,11.4092
2019-09-23,23.1677,11.4883
2019-09-24,23.2138,11.5111
2019-09-25,23.3062,11.5569
2019-09-26,23.1803,11.4945
2019-09-27,23.0166,11.4133
2019-09-30,23.3986,11.6027
2019-10-01,23.2516,11.5299
2019-10-02,22.7479,11.2801
2019-10-03,22.6597,11.2364
2019-10-04,23.2097,11.5091
2019-10-07,23.3943,11.6007
2019-10-08,23.2642,11.5361
2019-10-09,23.5539,11.6798
2019-10-10,24.1080,11.9545
2019-10-11,24.5865,12.1918
2019-10-14,24.3977,12.0982
2019-10-15,24.5487,12.1731
2019-10-16,24.8888,12.3417
2019-10-17,25.3925,12.5915
2019-10-18,25.3379,12.5644
2019-10-21,25.1491,12.4708
2019-10-22,25.3379,12.5644
2019-10-23,25.0525,12.4229
2019-10-24,24.8132,12.3042
2019-10-25,24.8090,12.3021
2019-10-28,24.4900,12.1439
2019-10-29,24.1416,11.9712
2019-10-30,24.5823,12.1898
2019-10-31,24.2003,12.0003
2019-11-01,24.3514,12.0753
2019-11-04,24.6201,12.2085
2019-11-05,24.8594,12.3271
2019-11-06,24.6957,12.2459
2019-11-07,24.8930,12.3438
2019-11-08,24.8636,12.3292
2019-11-11,24.5782,12.1877
2019-11-12,24.5152,12.1564
2019-11-13,24.6290,12.2129
2019-11-14,24.9408,12.3675
2019-11-15,25.2106,12.5013
2019-11-18,25.0968,12.4448
2019-11-19,25.5561,12.6726
2019-11-20,24.9998,12.3968
2019-11-21,24.9155,12.3550
2019-11-22,24.9408,12.3675
2019-11-25,25.0125,12.4030
2019-11-26,25.4339,12.6120
2019-11-27,25.6952,12.7416
2019-11-29,25.7626,12.7750
2019-12-02,25.4550,12.6225
2019-12-03,21.3881,11.8396
2019-12-04,21.5247,11.9152
2019-12-05,21.4133,11.8535
2019-12-06,21.5103,11.9072
2019-12-09,21.6972,12.0107
2019-12-10,21.6541,11.9868
2019-12-11,21.7080,12.0167
2019-12-12,21.8769,12.1102
2019-12-13,21.7008,12.0127
2019-12-16,21.7835,12.0584
2019-12-17,21.8374,12.0883
2019-12-18,21.7476,12.0386
2019-12-19,21.6577,11.9888
2019-12-20,21.5606,11.9351
2019-12-23,21.5822,11.9470
2019-12-24,21.7044,12.0147
2019-12-26,21.8626,12.1022
2019-12-27,21.8734,12.1082
2019-12-30,21.9884,12.1719
2019-12-31,21.9489,12.1500
2020-01-02,22.1789,12.2773
2020-01-03,22.0136,12.1858
2020-01-06,22.1538,12.2634
2020-01-07,22.1394,12.2554
2020-01-08,22.2580,12.3211
2020-01-09,22.5168,12.4644
2020-01-10,22.4090,12.4047
2020-01-13,22.4737,12.4405
2020-01-14,22.5456,12.4803
2020-01-15,22.2149,12.2972
2020-01-16,22.5779,12.4982
2020-01-17,22.5312,12.4723
2020-01-21,22.3946,12.3967
2020-01-22,22.4413,12.4226
2020-01-23,22.4485,12.4266
2020-01-24,21.9956,12.1758
2020-01-27,21.9021,12.1241
2020-01-28,22.0351,12.1977
2020-01-29,21.9596,12.1560
2020-01-30,21.7476,12.0386
2020-01-31,21.2227,11.7480
2020-02-03,21.6541,11.9868
2020-02-04,22.0279,12.1938
2020-02-05,22.3658,12.3808
2020-02-06,22.2220,12.3012
2020-02-07,22.0639,12.2137
2020-02-10,22.1609,12.2674
2020-02-11,22.4521,12.4285
2020-02-12,22.8345,12.6403
2020-02-13,22.8598,12.6543
2020-02-14,22.8670,12.6582
2020-02-18,22.8959,12.6742
2020-02-19,23.0222,12.7441
2020-02-20,23.0438,12.7561
2020-02-21,22.8418,12.6443
2020-02-24,22.2789,12.3327
2020-02-25,21.5465,11.9273
2020-02-26,23.0871,12.7801
2020-02-27,21.6908,12.0072
2020-02-28,21.5754,11.9432
2020-03-02,22.4377,12.4206
2020-03-03,21.8676,12.1050
2020-03-04,22.4665,12.4366
2020-03-05,21.4924,11.8973
2020-03-06,21.1280,11.6956
2020-03-09,20.6373,11.4240
2020-03-10,20.9151,11.5778
2020-03-11,20.0636,11.1064
2020-03-12,17.8087,9.8582
2020-03-13,18.6060,10.2995
2020-03-16,14.8105,8.1985
2020-03-17,15.3373,8.4901
2020-03-18,14.7384,8.1585
2020-03-19,15.0270,8.3183
2020-03-20,13.4828,7.4635
2020-03-23,13.2627,7.3417
2020-03-24,14.8069,8.1965
2020-03-25,15.9037,8.8037
2020-03-26,17.3036,9.5786
2020-03-27,16.1262,8.6697
2020-03-30,16.3846,8.8086
2020-03-31,16.4742,8.8568
2020-04-01,15.3750,8.2659
2020-04-02,15.0890,8.1121
2020-04-03,14.1139,7.5878
2020-04-06,15.8884,8.5419
2020-04-07,16.0848,8.6475
2020-04-08,16.9222,9.0976
2020-04-09,16.8188,9.0421
2020-04-13,16.4880,8.8642
2020-04-14,17.3046,9.3033
2020-04-15,16.6396,8.9457
2020-04-16,16.0056,8.6049
2020-04-17,17.1358,9.2125
2020-04-20,16.4673,8.8531
2020-04-21,15.8678,8.5308
2020-04-22,15.9815,8.5919
2020-04-23,15.7609,8.4733
2020-04-24,15.8678,8.5308
2020-04-27,16.4846,8.8624
2020-04-28,16.9153,9.0939
2020-04-29,17.7595,9.5478
2020-04-30,16.9015,9.0865
2020-05-01,16.6258,8.9383
2020-05-04,16.4363,8.8364
2020-05-05,16.5983,8.9235
2020-05-06,16.4294,8.8327
2020-05-07,16.7120,8.9846
2020-05-08,16.7154,8.9865
2020-05-11,16.6603,8.9568
2020-05-12,15.8367,8.5141
2020-05-13,15.1717,8.1566
2020-05-14,15.4164,8.2881
2020-05-15,16.2537,8.7383
2020-05-18,17.1461,9.2180
2020-05-19,17.3184,9.3107
2020-05-20,17.5217,9.4200
2020-05-21,36.4650,12.6271
2020-05-22,35.8674,12.4201
2020-05-26,37.1366,12.8596
2020-05-27,37.1299,12.8573
2020-05-28,36.3173,12.5759
2020-05-29,35.4309,12.2690
2020-06-01,35.8136,12.4015
2020-06-02,36.4919,12.6364
2020-06-03,37.0963,12.8457
2020-06-04,36.8209,12.7503
2020-06-05,38.4528,13.3154
2020-06-08,38.5603,13.3526
2020-06-09,37.7678,13.0782
2020-06-10,36.8075,12.7457
2020-06-11,35.3637,12.2457
2020-06-12,35.2294,12.1992
2020-06-15,35.3234,12.2318
2020-06-16,37.3045,12.9177
2020-06-17,36.6262,12.6829
2020-06-18,35.8942,12.4294
2020-06-19,35.3503,12.2411
2020-06-22,35.4712,12.2829
2020-06-23,35.7599,12.3829
2020-06-24,34.6048,11.9829
2020-06-25,34.1616,11.8294
2020-06-26,33.2685,11.5202
2020-06-29,34.0945,11.8062
2020-06-30,33.9534,11.7574
2020-07-01,34.3698,11.9015
2020-07-02,34.7526,12.0341
2020-07-06,35.3503,12.2411
2020-07-07,34.1146,11.8132
2020-07-08,34.1616,11.8294
2020-07-09,33.5707,11.6248
2020-07-10,34.2959,11.8760
2020-07-13,33.8258,11.7132
2020-07-14,33.4834,11.5946
2020-07-15,35.3436,12.2387
2020-07-16,35.9345,12.4434
2020-07-17,35.5316,12.3038
2020-07-20,34.7458,12.0318
2020-07-21,35.6391,12.3411
2020-07-22,35.8875,12.4271
2020-07-23,35.8539,12.4155
2020-07-24,35.5182,12.2992
2020-07-27,34.9742,12.1108
2020-07-28,34.7727,12.0411
2020-07-29,35.3234,12.2318
2020-07-30,34.6518,11.9992
2020-07-31,34.9138,12.0899
2020-08-03,34.8466,12.0666
2020-08-04,35.7801,12.3899
2020-08-05,35.9547,12.4503
2020-08-06,35.8674,12.4201
2020-08-07,37.2373,12.8945
2020-08-10,37.9558,13.1433
2020-08-11,38.6207,13.3735
2020-08-12,38.7685,13.4247
2020-08-13,38.3521,13.2805
2020-08-14,38.8625,13.4573
2020-08-17,39.8966,13.8154
2020-08-18,38.5804,13.3596
2020-08-19,36.5053,12.6410
2020-08-20,34.6854,12.0108
2020-08-21,34.7055,12.0178
2020-08-24,35.8674,12.4201
2020-08-25,35.6995,12.3620
2020-08-26,35.7666,12.3852
2020-08-27,36.0420,12.4806
2020-08-28,88.9191,13.0398
2020-08-31,88.4349,12.9688
2020-09-01,89.2096,13.0824
2020-09-02,91.5661,13.4280
2020-09-03,89.6132,13.1416
2020-09-04,89.0644,13.0611
2020-09-08,89.2581,13.0896
2020-09-09,88.3865,12.9617
2020-09-10,87.3374,12.8079
2020-09-11,87.4019,12.8174
2020-09-14,89.5325,13.1298
2020-09-15,91.7761,13.4588
2020-09-16,92.5186,13.5677
2020-09-17,90.2911,13.2410
2020-09-18,90.4202,13.2600
2020-09-21,87.4342,12.8221
2020-09-22,86.9661,12.7534
2020-09-23,85.3360,12.5144
2020-09-24,85.2714,12.5049
2020-09-25,85.8363,12.5878
2020-09-28,89.7423,13.1606
2020-09-29,87.4181,12.8197
2020-09-30,89.8230,13.1724
2020-10-01,92.1312,13.5109
2020-10-02,93.0189,13.6411
2020-10-05,92.8414,13.6150
2020-10-06,91.3725,13.3996
2020-10-07,94.1972,13.8139
2020-10-08,94.1004,13.7997
2020-10-09,93.9228,13.7736
2020-10-12,93.5677,13.7216
2020-10-13,92.6316,13.5843
2020-10-14,92.6639,13.5890
2020-10-15,92.6639,13.5890
2020-10-16,91.4370,13.4091
2020-10-19,88.9837,13.0493
2020-10-20,88.6609,13.0020
2020-10-21,88.7416,13.0138
2020-10-22,90.4202,13.2600
2020-10-23,92.0342,13.4967
2020-10-26,88.7739,13.0185
2020-10-27,87.3696,12.8126
2020-10-28,82.8825,12.1546
2020-10-29,83.4958,12.2445
2020-10-30,81.9947,12.0244
2020-11-02,83.5119,12.2469
2020-11-03,87.1437,12.7795
2020-11-04,85.9493,12.6043
2020-11-05,88.1444,12.9262
2020-11-06,87.0630,12.7676
2020-11-09,98.2968,14.4151
2020-11-10,100.4921,14.7370
2020-11-11,97.0379,14.2304
2020-11-12,95.8758,14.0600
2020-11-13,96.2470,14.1145
2020-11-16,98.6035,14.4600
2020-11-17,98.6842,14.4719
2020-11-18,100.5244,14.7417
2020-11-19,99.3621,14.5713
2020-11-20,97.9418,14.3630
2020-11-23,99.7495,14.6281
2020-11-24,103.8332,15.2270
2020-11-25,101.3637,14.8648
2020-11-27,102.0416,14.9642
2020-11-30,102.5096,15.0329
2020-12-01,99.4848,12.8741
2020-12-02,99.6688,12.8979
2020-12-03,101.0642,13.0784
2020-12-04,102.1682,13.2213
2020-12-07,101.0182,13.0725
2020-12-08,100.3128,12.9812
2020-12-09,102.3062,13.2392
2020-12-10,101.9995,13.1995
2020-12-11,101.2942,13.1082
2020-12-14,100.1902,12.9653
2020-12-15,102.3368,13.2431
2020-12-16,102.1528,13.2193
2020-12-17,103.5177,13.3959
2020-12-18,103.8090,13.4336
2020-12-21,103.1037,13.3424
2020-12-22,102.6897,13.2888
2020-12-23,103.2570,13.3622
2020-12-24,102.7050,13.2908
2020-12-28,104.8823,13.5725
2020-12-29,104.2537,13.4912
2020-12-30,104.7290,13.5527
2020-12-31,104.7137,13.5507
2021-01-04,102.4442,13.2570
2021-01-05,102.3062,13.2392
2021-01-06,106.7990,13.8206
2021-01-07,107.1823,13.8702
2021-01-08,107.6730,13.9337
2021-01-11,104.8363,13.5666
2021-01-12,104.8823,13.5725
2021-01-13,104.4683,13.5190
2021-01-14,104.2997,13.4971
2021-01-15,104.9743,13.5844
2021-01-19,103.0115,13.3304
2021-01-20,104.7137,13.5507
2021-01-21,104.3610,13.5051
2021-01-22,102.5975,13.2769
2021-01-25,100.7115,13.0328
2021-01-26,98.8562,12.7927
2021-01-27,98.0282,12.6856
2021-01-28,100.4202,12.9951
2021-01-29,98.1968,12.7074
2021-02-01,98.2428,12.7133
2021-02-02,100.9415,13.0626
2021-02-03,102.3215,13.2411
2021-02-04,105.1583,13.6083
2021-02-05,104.7750,13.5586
2021-02-08,107.2897,13.8841
2021-02-09,105.8023,13.6916
2021-02-10,105.5868,13.6637
2021-02-11,106.2333,13.7474
2021-02-12,104.6633,13.5442
2021-02-16,103.8938,13.4446
2021-02-17,102.8625,13.3112
2021-02-18,105.1250,13.6039
2021-02-19,104.1862,13.4824
2021-02-22,107.0490,13.8529
2021-02-23,108.0957,13.9884
2021-02-24,107.5262,13.9147
2021-02-25,104.1708,13.4805
2021-02-26,101.5697,13.1439
2021-03-01,103.5090,13.3948
2021-03-02,101.9082,13.1877
2021-03-03,97.9833,12.6798
2021-03-04,96.2748,12.4587
2021-03-05,96.5365,12.4925
2021-03-08,100.3228,12.9825
2021-03-09,101.7082,13.1618
2021-03-10,100.9693,13.0662
2021-03-11,101.7082,13.1618
2021-03-12,102.8778,13.3131
2021-03-15,104.6942,13.5482
2021-03-16,102.6932,13.2892
2021-03-17,103.6475,13.4127
2021-03-18,102.3853,13.2494
2021-03-19,102.5238,13.2673
2021-03-22,102.3547,13.2454
2021-03-23,99.3225,12.8531
2021-03-24,99.0147,12.8132
2021-03-25,100.1690,12.9626
2021-03-26,101.6465,13.1538
2021-03-29,100.8617,13.0522
2021-03-30,102.3853,13.2494
2021-03-31,1018.1583,12.6309
2021-04-01,1015.5417,12.5985
2021-04-05,1042.9400,12.9383
2021-04-06,1041.0917,12.9154
2021-04-07,1043.2467,12.9421
2021-04-08,1062.4867,13.1808
2021-04-09,1068.9517,13.2610
2021-04-12,1070.0283,13.2744
2021-04-13,1053.7133,13.0720
2021-04-14,1056.0217,13.1006
2021-04-15,1065.7183,13.2209
2021-04-16,1077.2633,13.3641
2021-04-19,1062.0250,13.1751
2021-04-20,1042.7850,12.9364
2021-04-21,1054.0217,13.0758
2021-04-22,1064.6417,13.2076
2021-04-23,1083.4200,13.4405
2021-04-26,1066.3350,13.2286
2021-04-27,1074.3383,13.3279
2021-04-28,1076.6467,13.3565
2021-04-29,1099.2733,13.6372
2021-04-30,1092.8083,13.5570
2021-05-03,1109.4317,13.7632
2021-05-04,1090.0383,13.5226
2021-05-05,1093.2700,13.5627
2021-05-06,1104.5067,13.7021
2021-05-07,1135.5967,14.0878
2021-05-10,1123.4383,13.9370
2021-05-11,1108.3550,13.7499
2021-05-12,1074.0600,13.3244
2021-05-13,1095.2233,13.5870
2021-05-14,1118.8583,13.8802
2021-05-17,1112.3700,13.7997
2021-05-18,1098.9300,13.6329
2021-05-19,1040.8483,12.9124
2021-05-20,1040.6950,12.9105
2021-05-21,1035.5967,12.8472
2021-05-24,1025.0933,12.7169
2021-05-25,1039.1500,12.8913
2021-05-26,1048.2633,13.0044
2021-05-27,1038.6867,12.8856
2021-05-28,50.4832,12.3021
2021-06-01,50.2216,12.2383
2021-06-02,49.3172,12.0179
2021-06-03,49.2126,11.9924
2021-06-04,49.0631,11.9560
2021-06-07,48.8239,11.8977
2021-06-08,49.1453,11.9761
2021-06-09,48.6071,11.8449
2021-06-10,48.4127,11.7975
2021-06-11,49.1527,11.9779
2021-06-14,48.6819,11.8631
2021-06-15,48.8837,11.9123
2021-06-16,48.7342,11.8759
2021-06-17,48.3605,11.7848
2021-06-18,47.3663,11.5425
2021-06-21,48.5174,11.8230
2021-06-22,49.2649,12.0052
2021-06-23,49.2275,11.9961
2021-06-24,50.0572,12.1983
2021-06-25,50.4757,12.3003
2021-06-28,49.6984,12.1108
2021-06-29,49.8554,12.1491
2021-06-30,50.3935,12.2802
2021-07-01,50.7373,12.3640
2021-07-02,51.0140,12.4314
2021-07-06,50.9242,12.4095
2021-07-07,50.5655,12.3221
2021-07-08,49.9824,12.1800
2021-07-09,51.0961,12.4514
2021-07-12,50.9915,12.4260
2021-07-13,50.5580,12.3203
2021-07-14,51.3055,12.5025
2021-07-15,50.8794,12.3986
2021-07-16,50.3860,12.2784
2021-07-19,48.6071,11.8449
2021-07-20,49.7059,12.1127
2021-07-21,50.4384,12.2912
2021-07-22,50.2815,12.2529
2021-07-23,50.9616,12.4187
2021-07-26,51.3652,12.5170
2021-07-27,51.1634,12.4678
2021-07-28,50.7373,12.3640
2021-07-29,51.4549,12.5389
2021-07-30,51.4325,12.5334
2021-08-02,50.7897,12.3768
2021-08-03,51.5596,12.5644
2021-08-04,50.2665,12.2493
2021-08-05,51.2606,12.4915
2021-08-06,51.8062,12.6245
2021-08-09,51.5222,12.5553
2021-08-10,53.3909,13.0106
2021-08-11,53.7960,13.1094
2021-08-12,53.6759,13.0801
2021-08-13,52.8807,12.8863
2021-08-16,52.7756,12.8607
2021-08-17,51.8755,12.6414
2021-08-18,54.7637,13.3452
2021-08-19,55.2063,13.4530
2021-08-20,55.5439,13.5353
2021-08-23,56.3616,13.7346
2021-08-24,56.4966,13.7675
2021-08-25,56.8717,13.8589
2021-08-26,55.3939,13.4987
2021-08-27,33.2535,12.8585
2021-08-30,32.8742,12.7119
2021-08-31,32.8381,12.6979
2021-09-01,32.5491,12.5861
2021-09-02,32.4543,12.5495
2021-09-03,32.0930,12.4098
2021-09-07,31.5421,12.1967
2021-09-08,31.5285,12.1915
2021-09-09,31.3615,12.1269
2021-09-10,31.0996,12.0256
2021-09-13,31.0228,11.9960
2021-09-14,31.3750,12.1322
2021-09-15,31.3750,12.1322
2021-09-16,31.8266,12.3068
2021-09-17,31.7950,12.2945
2021-09-20,31.2080,12.0675
2021-09-21,31.2892,12.0990
2021-09-22,31.3976,12.1409
2021-09-23,31.9259,12.3452
2021-09-24,32.1066,12.4150
2021-09-27,32.1246,12.4220
2021-09-28,31.6460,12.2369
2021-09-29,31.5647,12.2055
2021-09-30,29.7945,11.5210
2021-10-01,30.0790,11.6310
2021-10-04,29.7403,11.5000
2021-10-05,29.4017,11.3691
2021-10-06,29.0495,11.2329
2021-10-07,29.3430,11.3464
2021-10-08,29.2346,11.3045
2021-10-11,28.4579,11.0041
2021-10-12,28.4353,10.9954
2021-10-13,28.6747,11.0880
2021-10-14,28.9636,11.1997
2021-10-15,29.0585,11.2364
2021-10-18,29.1894,11.2870
2021-10-19,28.8553,11.1578
2021-10-20,28.8372,11.1508
2021-10-21,29.2075,11.2940
2021-10-22,28.9727,11.2032
2021-10-25,29.4694,11.3953
2021-10-26,29.5010,11.4075
2021-10-27,29.1533,11.2730
2021-10-28,29.4423,11.3848
2021-10-29,29.5733,11.4354
2021-11-01,30.0971,11.6380
2021-11-02,30.3997,11.7550
2021-11-03,30.9009,11.9488
2021-11-04,31.4924,12.1775
2021-11-05,32.1517,12.4325
2021-11-08,31.5602,12.2037
2021-11-09,31.5828,12.2125
2021-11-10,31.2565,12.0863
2021-11-11,30.9211,11.9566
2021-11-12,31.1840,12.0583
2021-11-15,31.4197,12.1494
2021-11-16,31.5013,12.1810
2021-11-17,33.3369,12.8908
2021-11-18,33.1330,12.8119
2021-11-19,32.1902,12.4474
2021-11-22,31.6735,12.2476
2021-11-23,32.1584,12.4351
2021-11-24,32.3987,12.5280
2021-11-26,31.4378,12.1564
2021-11-29,32.0316,12.3860
2021-11-30,29.5887,11.9938
2021-12-01,28.9960,11.7536
2021-12-02,29.9511,12.1407
2021-12-03,30.1387,12.2168
2021-12-06,30.9700,12.5538
2021-12-07,31.6011,12.8096
2021-12-08,31.6948,12.8476
2021-12-09,31.5584,12.7923
2021-12-10,31.8611,12.9150
2021-12-13,31.1789,12.6385
2021-12-14,31.0979,12.6056
2021-12-15,31.1491,12.6264
2021-12-16,31.3239,12.6972
2021-12-17,31.5584,12.7923
2021-12-20,30.9018,12.5261
2021-12-21,31.6011,12.8096
2021-12-22,31.5499,12.7888
2021-12-23,31.4433,12.7456
2021-12-27,31.6735,12.8389
2021-12-28,31.8782,12.9219
2021-12-29,32.1724,13.0411
2021-12-30,32.2022,13.0532
2021-12-31,32.3685,13.1206
2022-01-03,32.2107,13.0567
2022-01-04,32.7095,13.2589
2022-01-05,32.0359,12.9858
2022-01-06,32.1766,13.0429
2022-01-07,31.7119,12.8545
2022-01-10,30.9061,12.5278
2022-01-11,31.6394,12.8251
2022-01-12,31.2984,12.6869
2022-01-13,30.9573,12.5486
2022-01-14,30.3476,12.3015
2022-01-18,29.3798,11.9092
2022-01-19,29.2092,11.8400
2022-01-20,28.7061,11.6361
2022-01-21,28.7616,11.6586
2022-01-24,29.4437,11.9351
2022-01-25,29.2817,11.8694
2022-01-26,29.4608,11.9420
2022-01-27,29.6825,12.0319
2022-01-28,30.4328,12.3360
2022-01-31,30.6844,12.4380
2022-02-01,31.0383,12.5814
2022-02-02,30.7100,12.4483
2022-02-03,29.7635,12.0647
2022-02-04,29.4949,11.9558
2022-02-07,29.5674,11.9852
2022-02-08,30.0321,12.1736
2022-02-09,30.5841,12.3973
2022-02-10,30.2289,12.2534
2022-02-11,29.3988,11.9169
2022-02-14,29.0949,11.7937
2022-02-15,29.4800,11.9498
2022-02-16,28.7141,11.6393
2022-02-17,27.8882,11.3045
2022-02-18,28.3075,11.4745
2022-02-22,27.9224,11.3184
2022-02-23,26.7456,10.8414
2022-02-24,27.6827,11.2213
2022-02-25,28.5771,11.5838
2022-02-28,28.2861,11.4658
2022-03-01,27.3447,11.0842
2022-03-02,28.2947,11.4693
2022-03-03,28.1192,11.3982
2022-03-04,26.7627,10.8483
2022-03-07,24.9611,10.1180
2022-03-08,25.6758,10.4077
2022-03-09,26.1850,10.6141
2022-03-10,26.5530,10.7633
2022-03-11,26.2877,10.6558
2022-03-14,26.2107,10.6246
2022-03-15,26.4118,10.7061
2022-03-16,26.7627,10.8483
2022-03-17,26.6386,10.7980
2022-03-18,26.7199,10.8310
2022-03-21,26.0994,10.5795
2022-03-22,26.1593,10.6037
2022-03-23,25.4532,10.3175
2022-03-24,25.7057,10.4199
2022-03-25,26.2278,10.6315
2022-03-28,26.5316,10.7546
2022-03-29,27.5201,11.1553
2022-03-30,21.5201,11.3753
2022-03-31,21.0272,11.1148
2022-04-01,21.1348,11.1716
2022-04-04,21.5444,11.3881
2022-04-05,21.4194,11.3221
2022-04-06,21.0099,11.1056
2022-04-07,21.2875,11.2523
2022-04-08,21.3674,11.2946
2022-04-11,21.4715,11.3496
2022-04-12,21.8082,11.5276
2022-04-13,22.1101,11.6872
2022-04-14,21.7665,11.5055
2022-04-18,21.6728,11.4560
2022-04-19,22.7106,12.0046
2022-04-20,23.1792,12.2523
2022-04-21,22.8877,12.0982
2022-04-22,21.7665,11.5055
2022-04-25,22.0026,11.6303
2022-04-26,21.3188,11.2689
2022-04-27,21.3361,11.2780
2022-04-28,21.9852,11.6211
2022-04-29,21.2702,11.2432
2022-05-02,21.6242,11.4303
2022-05-03,21.5270,11.3790
2022-05-04,22.2386,11.7551
2022-05-05,21.4194,11.3221
2022-05-06,20.9682,11.0836
2022-05-09,20.5274,10.8505
2022-05-10,19.5069,10.3111
2022-05-11,19.1877,10.1424
2022-05-12,19.5401,10.3287
2022-05-13,19.9553,10.5482
2022-05-16,19.5819,10.3508
2022-05-17,19.6064,10.3637
2022-05-18,21.0021,11.1015
2022-05-19,21.4278,11.3265
2022-05-20,20.1926,10.6736
2022-05-23,21.0440,11.1236
2022-05-24,20.8241,11.0074
2022-05-25,21.3615,11.2914
2022-05-26,22.3699,11.8245
2022-05-27,25.2493,12.7416
2022-05-31,24.8506,12.5404
2022-06-01,24.4323,12.3294
2022-06-02,24.9288,12.5799
2022-06-03,24.2486,12.2366
2022-06-06,24.1313,12.1775
2022-06-07,23.8655,12.0433
2022-06-08,24.0140,12.1183
2022-06-09,23.7091,11.9644
2022-06-10,23.0524,11.6330
2022-06-13,22.4113,11.3095
2022-06-14,22.4113,11.3095
2022-06-15,22.5285,11.3686
2022-06-16,22.1806,11.1931
2022-06-17,22.1337,11.1694
2022-06-21,22.4738,11.3410
2022-06-22,22.3096,11.2582
2022-06-23,22.3995,11.3035
2022-06-24,23.5488,11.8835
2022-06-27,23.3807,11.7987
2022-06-28,22.4699,11.3391
2022-06-29,22.3175,11.2621
2022-06-30,21.8327,11.0175
2022-07-01,21.9070,11.0550
2022-07-05,22.5090,11.3588
2022-07-06,22.6615,11.4357
2022-07-07,23.2556,11.7356
2022-07-08,23.0407,11.6271
2022-07-11,22.8295,11.5205
2022-07-12,23.0563,11.6350
2022-07-13,23.0954,11.6547
2022-07-14,22.9664,11.5896
2022-07-15,23.6739,11.9466
2022-07-18,23.6466,11.9328
2022-07-19,24.4910,12.3589
2022-07-20,24.6434,12.4359
2022-07-21,24.9171,12.5740
2022-07-22,24.9249,12.5779
2022-07-25,24.7412,12.4852
2022-07-26,23.7130,11.9664
2022-07-27,23.7678,11.9940
2022-07-28,23.9202,12.0709
2022-07-29,23.9085,12.0650
2022-08-01,24.4910,12.3589
2022-08-02,24.0961,12.1597
2022-08-03,24.7138,12.4714
2022-08-04,24.7372,12.4832
2022-08-05,24.5574,12.3925
2022-08-08,24.8936,12.5621
2022-08-09,24.5105,12.3688
2022-08-10,24.7560,12.4927
2022-08-11,25.2980,12.7662
2022-08-12,25.7143,12.9763
2022-08-15,25.6751,12.9565
2022-08-16,26.1778,13.2102
2022-08-17,26.9201,13.5848
2022-08-18,26.7120,13.4797
2022-08-19,26.0796,13.1606
2022-08-22,25.2902,12.7622
2022-08-23,25.0938,12.6631
2022-08-24,25.2823,12.7583
2022-08-25,25.5651,12.9010
2022-08-26,22.3795,12.8074
2022-08-29,22.4613,12.8542
2022-08-30,22.2620,12.7401
2022-08-31,22.1873,12.6974
2022-09-01,22.7175,13.0008
2022-09-02,22.6036,12.9356
2022-09-06,22.3795,12.8074
2022-09-07,23.4292,13.4081
2022-09-08,23.6534,13.5364
2022-09-09,23.7068,13.5670
2022-09-12,23.8349,13.6403
2022-09-13,22.9738,13.1475
2022-09-14,22.9026,13.1067
2022-09-15,23.0876,13.2126
2022-09-16,23.0093,13.1678
2022-09-19,23.3225,13.3470
2022-09-20,22.6748,12.9764
2022-09-21,22.4044,12.8216
2022-09-22,22.0663,12.6281
2022-09-23,21.8030,12.4775
2022-09-26,21.4614,12.2820
2022-09-27,21.5539,12.3349
2022-09-28,22.1731,12.6892
2022-09-29,21.8279,12.4917
2022-09-30,22.1055,12.6506
2022-10-03,22.3830,12.8094
2022-10-04,23.2798,13.3226
2022-10-05,23.4150,13.4000
2022-10-06,23.1623,13.2554
2022-10-07,22.9844,13.1535
2022-10-10,22.8919,13.1006
2022-10-11,22.9026,13.1067
2022-10-12,22.7318,13.0090
2022-10-13,23.1944,13.2737
2022-10-14,22.6143,12.9418
2022-10-17,23.4470,13.4183
2022-10-18,23.7815,13.6097
2022-10-19,23.5218,13.4611
2022-10-20,23.2584,13.3104
2022-10-21,24.0591,13.7686
2022-10-24,24.6178,14.0883
2022-10-25,25.0733,14.3490
2022-10-26,25.2334,14.4406
2022-10-27,25.5892,14.6442
2022-10-28,25.7992,14.7644
2022-10-31,25.6569,14.6830
2022-11-01,25.5359,14.6137
2022-11-02,25.0128,14.3143
2022-11-03,25.3366,14.4996
2022-11-04,25.3330,14.4976
2022-11-07,25.6640,14.6870
2022-11-08,25.4398,14.5587
2022-11-09,25.0414,14.3307
2022-11-10,26.4421,15.1323
2022-11-11,26.4064,15.1119
2022-11-14,26.1062,14.9401
2022-11-15,26.8423,15.3613
2022-11-16,28.2359,16.1589
2022-11-17,27.8678,15.9482
2022-11-18,27.9286,15.9830
2022-11-21,28.2287,16.1548
2022-11-22,28.6253,16.3817
2022-11-23,28.7790,16.4697
2022-11-25,28.9541,16.5699
2022-11-28,28.5968,16.3654
2022-11-29,26.0038,15.5417
2022-11-30,25.9681,15.5204
2022-12-01,25.8675,15.4603
2022-12-02,26.0135,15.5476
2022-12-05,25.7767,15.4060
2022-12-06,25.7442,15.3866
2022-12-07,25.7572,15.3944
2022-12-08,25.5236,15.2548
2022-12-09,25.3225,15.1346
2022-12-12,25.5496,15.2703
2022-12-13,25.6794,15.3479
2022-12-14,25.7215,15.3730
2022-12-15,25.5171,15.2509
2022-12-16,25.1895,15.0551
2022-12-19,25.3322,15.1404
2022-12-20,25.1700,15.0434
2022-12-21,25.5755,15.2858
2022-12-22,25.4393,15.2044
2022-12-23,25.7896,15.4138
2022-12-27,25.6372,15.3226
2022-12-28,25.5269,15.2567
2022-12-29,25.7377,15.3827
2022-12-30,25.8221,15.4332
2023-01-03,25.6307,15.3188
2023-01-04,25.9064,15.4836
2023-01-05,26.1627,15.6367
2023-01-06,26.8342,16.0381
2023-01-09,26.4417,15.8035
2023-01-10,26.7434,15.9838
2023-01-11,26.6882,15.9508
2023-01-12,26.5747,15.8830
2023-01-13,26.4482,15.8073
2023-01-17,26.4546,15.8112
2023-01-18,25.8902,15.4739
2023-01-19,25.7604,15.3963
2023-01-20,25.8026,15.4215
2023-01-23,25.6826,15.3498
2023-01-24,26.3735,15.7628
2023-01-25,26.8115,16.0245
2023-01-26,26.7499,15.9877
2023-01-27,26.5649,15.8771
2023-01-30,26.4417,15.8035
2023-01-31,26.5552,15.8713
2023-02-01,26.7369,15.9799
2023-02-02,26.0784,15.5863
2023-02-03,26.1205,15.6115
2023-02-06,26.0005,15.5398
2023-02-07,25.9064,15.4836
2023-02-08,26.1490,15.6286
2023-02-09,26.2955,15.7161
2023-02-10,26.1295,15.6169
2023-02-13,26.2304,15.6772
2023-02-14,26.2825,15.7083
2023-02-15,26.2597,15.6947
2023-02-16,25.9243,15.4943
2023-02-17,25.9927,15.5351
2023-02-21,25.6639,15.3386
2023-02-22,25.2210,15.0739
2023-02-23,25.3155,15.1304
2023-02-24,25.1331,15.0214
2023-02-27,25.0387,14.9650
2023-02-28,24.9410,14.9066
2023-03-01,25.0257,14.9572
2023-03-02,24.9768,14.9280
2023-03-03,25.3675,15.1615
2023-03-06,25.4783,15.2277
2023-03-07,25.0647,14.9805
2023-03-08,25.1299,15.0194
2023-03-09,24.4103,14.5894
2023-03-10,24.1921,14.4590
2023-03-13,23.9447,14.3111
2023-03-14,24.3419,14.5485
2023-03-15,24.1466,14.4317
2023-03-16,24.2898,14.5174
2023-03-17,24.2508,14.4940
2023-03-20,24.5503,14.6731
2023-03-21,24.8629,14.8599
2023-03-22,24.4624,14.6205
2023-03-23,24.2996,14.5232
2023-03-24,24.3777,14.5699
2023-03-27,24.5438,14.6692
2023-03-28,24.8140,14.8307
2023-03-29,24.5891,13.2262
2023-03-30,24.7047,13.2884
2023-03-31,25.1704,13.5389
2023-04-03,25.3310,13.6253
2023-04-04,25.2604,13.5873
2023-04-05,25.0677,13.4836
2023-04-06,25.0709,13.4854
2023-04-10,25.1769,13.5424
2023-04-11,25.1640,13.5355
2023-04-12,24.6372,13.2521
2023-04-13,24.7978,13.3385
2023-04-14,24.7946,13.3368
2023-04-17,24.9295,13.4093
2023-04-18,24.9777,13.4353
2023-04-19,25.0580,13.4784
2023-04-20,25.3985,13.6616
2023-04-21,25.1929,13.5510
2023-04-24,25.2251,13.5683
2023-04-25,24.6822,13.2763
2023-04-26,24.8813,13.3834
2023-04-27,25.3568,13.6391
2023-04-28,25.3182,13.6184
2023-05-01,25.1576,13.5320
2023-05-02,25.1319,13.5182
2023-05-03,25.0034,13.4491
2023-05-04,24.7561,13.3160
2023-05-05,25.2154,13.5631
2023-05-08,25.1704,13.5389
2023-05-09,25.2443,13.5787
2023-05-10,25.1550,13.5306
2023-05-11,25.1808,13.5445
2023-05-12,25.4808,13.7058
2023-05-15,25.5646,13.7510
2023-05-16,25.2324,13.5722
2023-05-17,25.4679,13.6989
2023-05-18,25.5711,13.7544
2023-05-19,25.5969,13.7683
2023-05-22,25.3001,13.6087
2023-05-23,24.9969,13.4456
2023-05-24,24.7808,13.3293
2023-05-25,24.4969,13.1766
2023-05-26,25.8847,13.2016
2023-05-30,25.8040,13.1605
2023-05-31,25.8141,13.1656
2023-06-01,25.7670,13.1416
2023-06-02,26.2578,13.3919
2023-06-05,26.5100,13.5205
2023-06-06,26.4461,13.4879
2023-06-07,26.2578,13.3919
2023-06-08,26.1402,13.3319
2023-06-09,26.6780,13.6063
2023-06-12,26.9033,13.7211
2023-06-13,27.2394,13.8926
2023-06-14,26.8596,13.6988
2023-06-15,27.3907,13.9697
2023-06-16,27.3167,13.9320
2023-06-20,27.0243,13.7828
2023-06-21,27.1856,13.8651
2023-06-22,27.3907,13.9697
2023-06-23,27.5857,14.0692
2023-06-26,27.4714,14.0109
2023-06-27,27.8345,14.1960
2023-06-28,27.7874,14.1720
2023-06-29,28.1505,14.3572
2023-06-30,28.5034,14.5372
2023-07-03,28.3185,14.4429
2023-07-05,28.4732,14.5218
2023-07-06,28.0496,14.3058
2023-07-07,27.8008,14.1789
2023-07-10,28.0933,14.3281
2023-07-11,28.4866,14.5287
2023-07-12,28.6580,14.6161
2023-07-13,28.5538,14.5629
2023-07-14,28.5471,14.5595
2023-07-17,28.6076,14.5904
2023-07-18,28.6278,14.6007
2023-07-19,28.7724,14.6744
2023-07-20,28.7186,14.6470
2023-07-21,28.7690,14.6727
2023-07-24,29.1085,14.8458
2023-07-25,29.3405,14.9641
2023-07-26,29.3875,14.9881
2023-07-27,29.0614,14.8218
2023-07-28,29.1959,14.8904
2023-07-31,29.0884,14.8356
2023-08-01,29.0346,14.8081
2023-08-02,28.7791,14.6778
2023-08-03,28.9169,14.7481
2023-08-04,28.7253,14.6504
2023-08-07,29.0076,14.7944
2023-08-08,29.1052,14.8441
2023-08-09,29.0960,14.8395
2023-08-10,29.0893,14.8360
2023-08-11,28.9847,14.7827
2023-08-14,29.0927,14.8378
2023-08-15,28.9442,14.7620
2023-08-16,30.1388,15.3713
2023-08-17,29.7946,15.1958
2023-08-18,30.2096,15.4074
2023-08-21,30.2434,15.4247
2023-08-22,30.0679,15.3352
2023-08-23,30.3750,15.4918
2023-08-24,29.8013,15.1992
2023-08-25,26.6119,14.7900
2023-08-28,27.0494,15.0331
2023-08-29,27.2561,15.1480
2023-08-30,27.6067,15.3428
2023-08-31,27.7085,15.3994
2023-09-01,27.7565,15.4261
2023-09-05,27.4508,15.2562
2023-09-06,27.1932,15.1130
2023-09-07,27.3999,15.2279
2023-09-08,27.3999,15.2279
2023-09-11,27.4389,15.2496
2023-09-12,27.6186,15.3495
2023-09-13,27.8403,15.4727
2023-09-14,28.0411,15.5843
2023-09-15,27.6965,15.3928
2023-09-18,27.5467,15.3095
2023-09-19,27.2651,15.1530
2023-09-20,27.1632,15.0964
2023-09-21,26.7168,14.8483
2023-09-22,26.7138,14.8466
2023-09-25,26.4441,14.6967
2023-09-26,26.3273,14.6318
2023-09-27,26.3992,14.6718
2023-09-28,26.8396,14.9165
2023-09-29,26.6299,14.8000
2023-10-02,26.5700,14.7667
2023-10-03,26.3213,14.6285
2023-10-04,26.3782,14.6601
2023-10-05,26.3153,14.6251
2023-10-06,26.5340,14.7467
2023-10-09,26.5790,14.7717
2023-10-10,26.5610,14.7617
2023-10-11,26.7408,14.8616
2023-10-12,26.6419,14.8066
2023-10-13,26.5460,14.7534
2023-10-16,26.8696,14.9332
2023-10-17,27.1483,15.0881
2023-10-18,27.1003,15.0614
2023-10-19,26.9145,14.9582
2023-10-20,26.6958,14.8366
2023-10-23,26.4651,14.7084
2023-10-24,26.8037,14.8966
2023-10-25,26.6509,14.8116
2023-10-26,26.3453,14.6418
2023-10-27,26.1236,14.5186
2023-10-30,26.4471,14.6984
2023-10-31,26.3872,14.6651
2023-11-01,26.3842,14.6634
2023-11-02,26.9415,14.9732
2023-11-03,27.2651,15.1530
2023-11-06,27.2202,15.1280
2023-11-07,27.1962,15.1147
2023-11-08,27.1911,15.1119
2023-11-09,27.3835,15.2188
2023-11-10,27.4256,15.2422
2023-11-13,27.4076,15.2322
2023-11-14,27.8166,15.4595
2023-11-15,26.8934,14.9464
2023-11-16,26.5746,14.7693
2023-11-17,26.7159,14.8478
2023-11-20,26.9264,14.9648
2023-11-21,26.7851,14.8862
2023-11-22,27.0497,15.0333
2023-11-24,27.0557,15.0366
2023-11-27,26.7941,14.8912
2023-11-28,26.8061,14.8979
2023-11-29,23.9560,14.1845
2023-11-30,23.9587,14.1861
2023-12-01,24.2116,14.3358
2023-12-04,24.0838,14.2601
2023-12-05,23.9288,14.1684
2023-12-06,24.0811,14.2585
2023-12-07,24.1708,14.3117
2023-12-08,24.2361,14.3503
2023-12-11,24.6820,14.6143
2023-12-12,24.7908,14.6787
2023-12-13,24.9866,14.7947
2023-12-14,24.4590,14.4823
2023-12-15,24.2796,14.3761
2023-12-18,24.4237,14.4614
2023-12-19,24.8207,14.6965
2023-12-20,24.4890,14.5000
2023-12-21,24.8479,14.7126
2023-12-22,24.9757,14.7882
2023-12-26,25.2313,14.9396
2023-12-27,25.2259,14.9364
2023-12-28,25.3537,15.0120
2023-12-29,25.5086,15.1038
2024-01-02,25.3645,15.0185
2024-01-03,24.9349,14.7641
2024-01-04,25.2286,14.9380
2024-01-05,24.9376,14.7657
2024-01-08,25.2395,14.9444
2024-01-09,25.3102,14.9863
2024-01-10,25.5984,15.1569
2024-01-11,25.9002,15.3357
2024-01-12,25.8404,15.3002
2024-01-16,26.0688,15.4355
2024-01-17,25.6664,15.1972
2024-01-18,25.7643,15.2551
2024-01-19,25.9682,15.3759
2024-01-22,25.8676,15.3163
2024-01-23,25.8486,15.3051
2024-01-24,25.8186,15.2873
2024-01-25,25.9709,15.3775
2024-01-26,26.2075,15.5176
2024-01-29,26.2156,15.5224
2024-01-30,26.3271,15.5884
2024-01-31,25.8078,15.2809
2024-02-01,26.3924,15.6271
2024-02-02,26.5148,15.6995
2024-02-05,26.2809,15.5611
2024-02-06,26.4033,15.6335
2024-02-07,26.6018,15.7510
2024-02-08,26.7459,15.8364
2024-02-09,26.8519,15.8992
2024-02-12,26.6697,15.7913
2024-02-13,26.6371,15.7720
2024-02-14,26.5124,15.6981
2024-02-15,26.7225,15.8225
2024-02-16,26.7498,15.8387
2024-02-20,26.5643,15.7288
2024-02-21,26.7853,15.8597
2024-02-22,27.0417,16.0116
2024-02-23,27.1154,16.0552
2024-02-26,27.0745,16.0309
2024-02-27,27.4265,16.2393
2024-02-28,27.5847,16.3330
2024-02-29,27.0499,16.0164
2024-03-01,26.8780,15.9146
2024-03-04,26.7225,15.8225
2024-03-05,26.5725,15.7337
2024-03-06,26.3023,15.5737
2024-03-07,26.1277,15.4703
2024-03-08,26.1686,15.4946
2024-03-11,26.3214,15.5851
2024-03-12,26.5261,15.7062
2024-03-13,26.7553,15.8419
2024-03-14,26.9108,15.9340
2024-03-15,26.6161,15.7595
2024-03-18,26.2532,15.5447
2024-03-19,26.8535,15.9001
2024-03-20,26.9790,15.9744
2024-03-21,27.0608,16.0229
2024-03-22,27.1427,16.0713
2024-03-25,26.7880,15.8613
2024-03-26,27.0936,16.0423
2024-03-27,27.5793,16.3298
2024-03-28,27.6720,16.3847
2024-04-01,27.2027,16.1069
2024-04-02,27.1400,16.0697
2024-04-03,24.4108,14.6200
2024-04-04,24.0269,14.3901
2024-04-05,24.2928,14.5494
2024-04-08,24.1473,14.4622
2024-04-09,24.3656,14.5929
2024-04-10,24.1598,14.4697
2024-04-11,24.0545,14.4066
2024-04-12,23.6931,14.1902
2024-04-15,23.3318,13.9738
2024-04-16,23.4322,14.0339
2024-04-17,23.3694,13.9963
2024-04-18,23.2515,13.9257
2024-04-19,23.4271,14.0309
2024-04-22,23.6078,14.1391
2024-04-23,23.7132,14.2022
2024-04-24,23.9089,14.3194
2024-04-25,24.1950,14.4908
2024-04-26,24.1799,14.4817
2024-04-29,23.8060,14.2578
2024-04-30,23.6103,14.1406
2024-05-01,23.5426,14.1000
2024-05-02,23.8161,14.2638
2024-05-03,23.8663,14.2939
2024-05-06,24.4534,14.6455
2024-05-07,24.5714,14.7162
2024-05-08,24.7169,14.8034
2024-05-09,24.8198,14.8650
2024-05-10,24.7947,14.8499
2024-05-13,24.7797,14.8409
2024-05-14,24.8524,14.8845
2024-05-15,24.8058,14.8566
2024-05-16,24.9167,14.9230
2024-05-17,25.2618,15.1297
2024-05-20,24.6320,14.7525
2024-05-21,24.6094,14.7389
2024-05-22,25.4708,15.2549
2024-05-23,25.2290,15.1100
2024-05-24,25.7277,15.4087
2024-05-28,25.5464,15.3001
2024-05-29,25.5514,15.3031
2024-05-30,26.0376,15.5943
2024-05-31,28.0791,15.1012
2024-06-03,28.7164,15.4439
2024-06-04,28.8335,15.5069
2024-06-05,29.3564,15.7881
2024-06-06,29.1222,15.6621
2024-06-07,29.2611,15.7369
2024-06-10,29.2284,15.7193
2024-06-11,29.1631,15.6841
2024-06-12,29.1658,15.6856
2024-06-13,29.4845,15.8570
2024-06-14,29.5498,15.8921
2024-06-17,30.0182,16.1440
2024-06-18,30.0291,16.1499
2024-06-20,30.0618,16.1675
2024-06-21,30.2334,16.2598
2024-06-24,30.2443,16.2656
2024-06-25,30.1408,16.2100
2024-06-26,30.1054,16.1909
2024-06-27,30.1081,16.1924
2024-06-28,29.9856,16.1265
2024-07-01,30.1163,16.1968
2024-07-02,30.0128,16.1411
2024-07-03,30.0645,16.1689
2024-07-05,30.4050,16.3520
2024-07-08,30.5602,16.4355
2024-07-09,30.5439,16.4267
2024-07-10,30.7672,16.5468
2024-07-11,31.0314,16.6889
2024-07-12,31.1294,16.7416
2024-07-15,30.9960,16.6699
2024-07-16,31.3255,16.8471
2024-07-17,31.0396,16.6933
2024-07-18,30.7836,16.5556
2024-07-19,30.4349,16.3681
2024-07-22,30.8326,16.5820
2024-07-23,30.8898,16.6128
2024-07-24,30.2988,16.2949
2024-07-25,30.3042,16.2978
2024-07-26,30.4567,16.3799
2024-07-29,30.6555,16.4868
2024-07-30,30.8407,16.5864
2024-07-31,30.7808,16.5542
2024-08-01,30.9551,16.6479
2024-08-02,30.8135,16.5717
2024-08-05,29.6560,15.9492
2024-08-06,29.7976,16.0254
2024-08-07,29.3946,15.8086
2024-08-08,29.9366,16.1001
2024-08-09,30.1490,16.2143
2024-08-12,30.3369,16.3154
2024-08-13,30.2416,16.2641
2024-08-14,29.7078,15.9771
2024-08-15,30.4662,16.3849
2024-08-16,30.4580,16.3805
2024-08-19,30.7422,16.5334
2024-08-20,30.9663,16.6539
2024-08-21,32.8574,17.6710
2024-08-22,32.5213,17.4902
2024-08-23,32.6497,17.5593
2024-08-26,32.8301,17.6563
2024-08-27,32.8110,17.6460
2024-08-28,32.5978,17.5313
2024-08-29,32.0758,17.2506
2024-08-30,30.3483,16.5823
2024-09-03,30.4182,16.6205
2024-09-04,30.4130,16.6176
2024-09-05,30.5398,16.6869
2024-09-06,29.9213,16.3490
2024-09-09,30.2966,16.5540
2024-09-10,30.4932,16.6615
2024-09-11,30.4984,16.6643
2024-09-12,30.5941,16.7166
2024-09-13,31.0056,16.9415
2024-09-16,30.9539,16.9132
2024-09-17,30.4958,16.6629
2024-09-18,30.3431,16.5795
2024-09-19,30.6123,16.7265
2024-09-20,30.5191,16.6756
2024-09-23,30.3121,16.5625
2024-09-24,30.4466,16.6360
2024-09-25,30.5708,16.7039
2024-09-26,30.5579,16.6968
2024-09-27,30.4078,16.6148
2024-09-30,30.4182,16.6205
2024-10-01,30.1853,16.4932
2024-10-02,30.1361,16.4663
2024-10-03,29.7764,16.2698
2024-10-04,29.6806,16.2175
2024-10-07,29.0181,15.8555
2024-10-08,29.3597,16.0421
2024-10-09,29.4969,16.1171
2024-10-10,29.1372,15.9205
2024-10-11,29.4322,16.0817
2024-10-14,29.8229,16.2952
2024-10-15,30.2163,16.5102
2024-10-16,30.3819,16.6007
2024-10-17,30.4027,16.6120
2024-10-18,30.4622,16.6445
2024-10-21,29.9316,16.3546
2024-10-22,29.8100,16.2882
2024-10-23,29.5590,16.1510
2024-10-24,29.5538,16.1482
2024-10-25,29.4555,16.0944
2024-10-28,29.5460,16.1439
2024-10-29,29.5305,16.1355
2024-10-30,29.2303,15.9714
2024-10-31,29.2510,15.9827
2024-11-01,29.0854,15.8923
2024-11-04,29.1631,15.9347
2024-11-05,29.4373,16.0846
2024-11-06,29.9239,16.3504
2024-11-07,30.2396,16.5229
2024-11-08,30.4932,16.6615
2024-11-11,30.5527,16.6940
2024-11-12,31.0160,16.9471
2024-11-13,31.3472,17.1281
2024-11-14,31.1279,17.0083
2024-11-15,31.1434,17.0168
2024-11-18,31.0656,16.9742
2024-11-19,31.0370,16.9586
2024-11-20,31.0837,16.9841
2024-11-21,31.0915,16.9884
2024-11-22,31.5328,17.2295
2024-11-25,32.3947,17.7004
2024-11-26,32.7607,17.9004
2024-11-27,32.8023,17.9231
2024-11-29,32.6283,17.8281
2024-12-02,32.7581,17.8990
2024-12-03,32.3843,17.6948
2024-12-04,30.2519,16.8937
2024-12-05,30.3532,16.9502
2024-12-06,30.3941,16.9731
2024-12-09,30.3483,16.9476
2024-12-10,30.6617,17.1225
2024-12-11,30.5677,17.0701
2024-12-12,30.4737,17.0175
2024-12-13,30.0952,16.8062
2024-12-16,29.8229,16.6541
2024-12-17,29.6638,16.5653
2024-12-18,29.2250,16.3203
2024-12-19,29.2154,16.3149
2024-12-20,29.4083,16.4226
2024-12-23,29.3528,16.3916
2024-12-24,29.7674,16.6231
2024-12-26,30.1338,16.8278
2024-12-27,29.8759,16.6837
2024-12-30,29.1889,16.3001
2024-12-31,29.1214,16.2624
2025-01-02,29.2033,16.3081
2025-01-03,29.1021,16.2516
2025-01-06,29.1383,16.2718
2025-01-07,28.9599,16.1722
2025-01-08,29.3239,16.3755
2025-01-10,28.9406,16.1614
2025-01-13,28.8996,16.1385
2025-01-14,28.7430,16.0510
2025-01-15,28.7116,16.0335
2025-01-16,29.2588,16.3391
2025-01-17,29.3721,16.4024
2025-01-21,29.7216,16.5976
2025-01-22,29.5456,16.4993
2025-01-23,29.5529,16.5033
2025-01-24,29.5842,16.5208
2025-01-27,30.1073,16.8129
2025-01-28,29.9723,16.7376
2025-01-29,29.9410,16.7201
2025-01-30,30.3941,16.9731
2025-01-31,30.0808,16.7981
2025-02-03,29.9651,16.7335
2025-02-04,30.1651,16.8452
2025-02-05,30.2543,16.8951
2025-02-06,30.4110,16.9826
2025-02-07,30.0567,16.7847
2025-02-10,30.1242,16.8224
2025-02-11,30.0543,16.7833
2025-02-12,29.9892,16.7470
2025-02-13,30.4280,16.9920
2025-02-14,30.0629,16.7882
2025-02-18,29.9396,16.7193
2025-02-19,29.8405,16.6639
2025-02-20,29.7341,16.6045
2025-02-21,29.2820,16.3520
2025-02-24,29.3690,16.4007
2025-02-25,29.6664,16.5667
2025-02-26,30.1959,16.8624
2025-02-27,29.8574,16.6734
2025-02-28,30.1645,16.8449
2025-03-03,29.8695,16.6802
2025-03-04,29.4343,16.4371
2025-03-05,29.7486,16.6126
2025-03-06,29.1708,16.2899
2025-03-07,28.8371,16.1036
2025-03-10,28.4357,15.8795
2025-03-11,28.0755,15.6783
2025-03-12,27.8869,15.5730
2025-03-13,27.2752,15.2314
2025-03-14,27.3840,15.2922
2025-03-17,27.6886,15.4623
2025-03-18,27.8676,15.5622
2025-03-19,28.4962,15.9132
2025-03-20,28.1069,15.6959
2025-03-21,28.0755,15.6783
2025-03-24,28.9169,16.1482
2025-03-25,28.9846,16.1860
2025-03-26,28.9411,16.1617
2025-03-27,29.1514,16.2791
2025-03-28,28.5808,15.9605
2025-03-31,29.4488,16.4452
2025-04-01,29.6712,16.5694
2025-04-02,28.7875,16.3226
2025-04-03,28.9027,16.3879
2025-04-04,28.1492,15.9606
2025-04-07,27.4510,15.5648
2025-04-08,27.6584,15.6824
2025-04-09,29.0456,16.4689
2025-04-10,29.3728,16.6544
2025-04-11,29.5295,16.7433
2025-04-14,30.0940,17.0634
2025-04-15,29.6101,16.7890
2025-04-16,29.1055,16.5029
2025-04-17,29.4073,16.6740
2025-04-21,28.5686,16.1984
2025-04-22,28.9672,16.4245
2025-04-23,28.9188,16.3970
2025-04-24,29.1492,16.5277
2025-04-25,29.1631,16.5355
2025-04-28,29.2944,16.6100
2025-04-29,29.5018,16.7276
2025-04-30,29.6516,16.8125
2025-05-01,29.4096,16.6753
2025-05-02,29.7737,16.8818
2025-05-05,29.7115,16.8465
2025-05-06,29.6009,16.7838
2025-05-07,29.6447,16.8086
2025-05-08,29.5156,16.7354
2025-05-09,29.5179,16.7367
2025-05-12,30.2991,17.1796
2025-05-13,30.1447,17.0921
2025-05-14,30.2438,17.1483
2025-05-15,30.7558,17.4386
2025-05-16,30.8252,17.4779
2025-05-19,31.2159,17.6995
2025-05-20,31.1928,17.6864
2025-05-21,30.2912,17.1752
2025-05-22,29.9560,16.9851
2025-05-23,29.0590,16.4765
2025-05-27,29.5815,16.7727
2025-05-28,29.1792,16.5447
2025-05-29,29.3757,16.6561
2025-05-30,31.6388,16.3968
2025-06-02,32.0202,16.5945
2025-06-03,31.9429,16.5544
2025-06-04,31.9305,16.5480
2025-06-05,31.7559,16.4575
2025-06-06,32.0252,16.5971
2025-06-09,31.5016,16.3257
2025-06-10,31.4244,16.2857
2025-06-11,31.0479,16.0906
2025-06-12,31.0304,16.0815
2025-06-13,30.8933,16.0105
2025-06-16,30.9830,16.0570
2025-06-17,30.6689,15.8942
2025-06-18,30.5517,15.8334
2025-06-20,30.7911,15.9575
2025-06-23,31.1052,16.1203
2025-06-24,31.0653,16.0996
2025-06-25,30.5368,15.8257
2025-06-26,30.4520,15.7818
2025-06-27,30.7612,15.9420
2025-06-30,30.7886,15.9562
2025-07-01,31.2049,16.1720
2025-07-02,31.2423,16.1913
2025-07-03,31.3795,16.2624
2025-07-07,31.2074,16.1733
2025-07-08,31.2299,16.1849
2025-07-09,31.2772,16.2094
2025-07-10,30.9556,16.0428
2025-07-11,30.8434,15.9846
2025-07-14,30.8060,15.9652
2025-07-15,30.3523,15.7301
2025-07-16,30.2550,15.6797
2025-07-17,30.4595,15.7856
2025-07-18,30.4595,15.7856
2025-07-21,31.1501,16.1435
2025-07-22,31.3146,16.2288
2025-07-23,31.5041,16.3270
2025-07-24,31.4792,16.3141
2025-07-25,31.5241,16.3374
2025-07-28,31.2623,16.2017
2025-07-29,31.5066,16.3283
2025-07-30,31.3670,16.2560
2025-07-31,31.0479,16.0906
2025-08-01,31.4144,16.2805
2025-08-04,32.2172,16.6966
2025-08-05,32.1050,16.6384
2025-08-06,32.9352,17.0687
2025-08-07,32.9053,17.0532
2025-08-08,32.7532,16.9744
2025-08-11,33.0100,17.1075
2025-08-12,33.2569,17.2354
2025-08-13,33.4339,17.3271
2025-08-14,33.2525,17.2331
2025-08-15,33.1700,17.1904
2025-08-18,33.2801,17.2474
2025-08-19,33.6702,17.4496
2025-08-20,34.5831,17.9227
2025-08-21,34.3931,17.8242
2025-08-22,34.1505,17.6985
2025-08-25,33.8903,17.5637
2025-08-26,34.1855,17.7166
2025-08-27,34.3230,17.7879
2025-08-28,34.2955,17.7737
2025-08-29,32.7581,16.9418
2025-09-02,33.2281,17.1849
2025-09-03,33.4439,17.2965
2025-09-04,33.8156,17.4887
2025-09-05,33.3936,17.2704
2025-09-08,33.7724,17.4664
2025-09-09,33.5638,17.3585
2025-09-10,33.5374,17.3448
2025-09-11,33.7700,17.4651
2025-09-12,33.4463,17.2977
2025-09-15,33.8516,17.5073
2025-09-16,33.4631,17.3064
2025-09-17,33.5806,17.3672
2025-09-18,33.5542,17.3535
2025-09-19,33.5183,17.3349
2025-09-22,33.4295,17.2891
2025-09-23,33.5039,17.3275
2025-09-24,33.6765,17.4168
2025-09-25,33.9211,17.5433
2025-09-26,34.3120,17.7454
2025-09-29,34.4151,17.7987
2025-09-30,34.6597,17.9252
2025-10-01,34.6069,17.8980
2025-10-02,34.1681,17.6710
2025-10-03,33.8899,17.5272
2025-10-06,34.3168,17.7479
2025-10-07,34.2089,17.6921
2025-10-08,33.7413,17.4503
2025-10-09,33.2257,17.1836
2025-10-10,33.6621,17.4093
2025-10-13,33.9043,17.5346
2025-10-14,34.5542,17.8707
2025-10-15,34.8083,18.0021
2025-10-16,34.1825,17.6785
2025-10-17,34.4918,17.8384
2025-10-20,34.3695,17.7752
2025-10-21,34.5086,17.8471
2025-10-22,34.3048,17.7417
2025-10-23,34.1465,17.6598
2025-10-24,34.0290,17.5991
2025-10-27,34.3551,17.7677
2025-10-28,34.5374,17.8620
2025-10-29,33.9763,17.5718
2025-10-30,34.1201,17.6462
2025-10-31,33.6046,17.3796
2025-11-03,33.6693,17.4131
2025-11-04,34.0626,17.6164
2025-11-05,34.4583,17.8211
2025-11-06,34.4750,17.8298
2025-11-07,34.6765,17.9339
2025-11-10,35.1824,18.1956
2025-11-11,35.0481,18.1262
2025-11-12,35.4006,18.3085
2025-11-13,35.2070,18.2083
2025-11-14,35.1301,18.1685
2025-11-17,34.9136,18.0566
2025-11-18,35.0098,18.1063
2025-11-19,35.0651,18.1350
2025-11-20,35.6086,18.4160
2025-11-21,36.4167,18.8339
2025-11-24,35.7986,18.5143
2025-11-25,36.6475,18.9533
2025-11-26,36.8255,19.0454
2025-11-28,36.5345,18.8949
2025-12-01,36.3445,18.7966
2025-12-02,33.4774,17.6364
2025-12-03,33.4863,17.6411
2025-12-04,33.5399,17.6694
2025-12-05,34.2049,18.0197
2025-12-08,34.3031,18.0714
2025-12-09,34.2941,18.0667
2025-12-10,34.7382,18.3007
2025-12-11,34.7181,18.2901
2025-12-12,34.8431,18.3559
2025-12-15,34.9703,18.4229
2025-12-16,34.6088,18.2325
2025-12-17,34.7360,18.2995
2025-12-18,34.5619,18.2078
2025-12-19,34.4995,18.1749
2025-12-22,34.9413,18.4076
2025-12-23,34.7940,18.3301
2025-12-24,35.0997,18.4911
2025-12-26,35.0596,18.4700
2025-12-29,34.9167,18.3947
2025-12-30,34.6668,18.2630
2025-12-31,34.2785,18.0585
2026-01-02,34.4280,18.1373
2026-01-05,34.3298,18.0855
2026-01-06,34.3477,18.0949
2026-01-07,34.3745,18.1090
2026-01-08,35.3139,18.6040
2026-01-09,35.2158,18.5522
2026-01-12,35.0573,18.4688
2026-01-13,35.2894,18.5910
2026-01-14,34.6177,18.2372
2026-01-15,34.8476,18.3583
2026-01-16,35.1198,18.5017
2026-01-20,34.8297,18.3489
2026-01-21,34.7784,18.3218
2026-01-22,34.2361,18.0361
2026-01-23,34.1960,18.0150
2026-01-26,33.4908,17.6435
2026-01-27,33.0289,17.4001
2026-01-28,32.9798,17.3743
2026-01-29,32.9084,17.3367
2026-01-30,33.4305,17.6118
2026-02-02,33.5109,17.6541
2026-02-03,33.9349,17.8774
2026-02-04,34.3522,18.0973
2026-02-05,34.6780,18.2689
2026-02-06,34.7806,18.3230
2026-02-09,34.8654,18.3677
2026-02-10,34.2071,18.0209
2026-02-11,33.6403,17.7223
2026-02-12,34.5030,18.1767
2026-02-13,34.5657,18.2098
2026-02-17,35.1274,18.5057
2026-02-18,35.1855,18.5363
2026-02-19,35.0244,18.4514
2026-02-20,35.4093,18.6542
2026-02-23,35.2885,18.5905
2026-02-24,35.2818,18.5870
2026-02-25,34.8700,18.3701
2026-02-26,35.5123,18.7084
2026-02-27,36.1769,19.0586
2026-03-02,35.7920,18.8558
2026-03-03,35.7405,18.8287
2026-03-04,36.1926,19.0668
2026-03-05,36.0135,18.9725
2026-03-06,35.6555,18.7839
2026-03-09,35.3892,18.6436
2026-03-10,35.7002,18.8075
2026-03-11,35.3310,18.6129
2026-03-12,34.8633,18.3665
2026-03-13,34.7827,18.3241
2026-03-16,34.9148,18.3937
2026-03-17,34.7715,18.3182
2026-03-18,34.2098,18.0223
2026-03-19,34.6149,18.2357
2026-03-20,34.6820,18.2711
2026-03-23,35.0222,18.4502
2026-03-24,35.4429,18.6719
2026-03-25,35.7472,18.8322
2026-03-26,35.2616,18.5764
2026-03-27,34.7134,18.2876
2026-03-30,34.8633,18.3665
2026-03-31,32.5828,17.2352
2026-04-01,33.0581,17.4866
2026-04-02,32.9071,17.4068
2026-04-06,33.0153,17.4640
2026-04-07,32.1502,17.0064
2026-04-08,32.9786,17.4446
2026-04-09,33.6641,17.8072
2026-04-10,32.9704,17.4402
2026-04-13,32.5072,17.1952
2026-04-14,32.7011,17.2978
2026-04-15,32.6909,17.2924
2026-04-16,32.1298,16.9956
2026-04-17,32.7827,17.3409
2026-04-20,32.5807,17.2341
2026-04-21,32.4909,17.1866
2026-04-22,32.3318,17.1024
2026-04-23,32.3073,17.0895
2026-04-24,32.0380,16.9470
2026-04-27,32.1298,16.9956
2026-04-28,32.0727,16.9654
2026-04-29,31.8421,16.8434
2026-04-30,31.9809,16.9168
2026-05-01,31.9972,16.9254
2026-05-04,31.5504,16.6891
2026-05-05,31.6157,16.7236
2026-05-06,31.7156,16.7765
2026-05-07,31.5177,16.6718
2026-05-08,31.2892,16.5509
2026-05-11,30.3813,16.0707
2026-05-12,30.6568,16.2164
2026-05-13,29.9978,15.8678
2026-05-14,30.1615,15.9544
2026-05-15,30.1779,15.9631
2026-05-18,30.7551,16.2684
2026-05-19,30.8431,16.3150
2026-05-20,32.5892,17.2386
2026-05-21,32.2310,17.0491
2026-05-22,32.3968,17.1368
2026-05-26,32.5400,17.2126
2026-05-27,32.1389,17.0004
2026-05-28,31.7049,16.7708
2026-05-29,34.3571,16.3814
2026-06-01,33.9131,16.1697
2026-06-02,34.1217,16.2692
2026-06-03,35.0564,16.7148
2026-06-04,35.2185,16.7921
2026-06-05,35.6803,17.0123
2026-06-08,35.4671,16.9106
2026-06-09,36.6039,17.4526
2026-06-10,37.2233,17.7480
2026-06-11,37.3743,17.8200
2026-06-12,37.3898,17.8274
2026-06-15,37.1500,17.7130
2026-06-16,36.9258,17.6061
2026-06-17,36.4396,17.3743
2026-06-18,36.3686,17.3404
2026-06-22,36.4485,17.3785
2026-06-23,36.4884,17.3976
2026-06-24,36.6705,17.4844
2026-06-25,34.4548,16.4279
2026-06-26,34.5080,16.4533
2026-06-29,33.5756,16.0087
2026-06-30,33.6355,16.0373
2026-07-01,33.6022,16.0215
2026-07-02,34.2483,16.3295
2026-07-06,33.5933,16.0172
2026-07-07,34.2150,16.3136
2026-07-08,33.9219,16.1739
2026-07-09,33.5023,15.9738
2026-07-10,33.6000,16.0204
2026-07-13,33.4202,15.9346
2026-07-14,33.3780,15.9145
2026-07-15,33.5179,15.9812
2026-07-16,34.3659,16.3856
2026-07-17,34.2927,16.3507
2026-07-20,34.5680,16.4819
2026-07-21,34.4237,16.4131
2026-07-22,34.5036,16.4512
2026-07-23,34.0751,16.2469
2026-07-24,34.2394,16.3253
2026-07-27,34.7190,16.5539
2026-07-28,35.7003,17.0218
2026-07-29,35.8845,17.1097
2026-07-30,35.3584,16.8588
2026-07-31,34.9321,16.6555
2026-08-03,34.9676,16.6725
2026-08-04,34.9787,16.6778
2026-08-05,35.5049,16.9286
2026-08-06,35.9800,17.1552
2026-08-07,35.8246,17.0811
2026-08-10,35.2607,16.8122
2026-08-11,34.5769,16.4862
2026-08-12,33.8820,16.1548
2026-08-13,34.2561,16.3332
2026-08-14,33.8775,16.1527
2026-08-17,33.5969,16.0189
2026-08-18,33.5969,16.0189
2026-08-19,32.1826,15.3446
