Date,usd_krw,usdt_krw
2025-01-01,1467.3900,1493.0000
2025-01-02,1473.5200,1484.0000
2025-01-03,1471.6500,1473.0000
2025-01-04,1471.6500,1474.0000
2025-01-05,1471.6500,1473.0000
2025-01-06,1465.5300,1469.0000
2025-01-07,1459.4500,1494.0000
2025-01-08,1451.8800,1498.0000
2025-01-09,1457.9700,1511.0000
2025-01-10,1455.2300,1506.0000
2025-01-11,1455.2300,1497.0000
2025-01-12,1455.2300,1504.0000
2025-01-13,1472.2500,1505.0000
2025-01-14,1458.8900,1486.0000
2025-01-15,1460.4399,1466.0000
2025-01-16,1437.2200,1468.0000
2025-01-17,1453.3199,1467.0000
2025-01-18,1453.3199,1490.0000
2025-01-19,1453.3199,1522.0000
2025-01-20,1457.3800,1500.0000
2025-01-21,1435.5300,1486.0000
2025-01-22,1425.7900,1494.0000
2025-01-23,1434.3400,1493.0000
2025-01-24,1433.9301,1500.0000
2025-01-25,1433.9301,1501.0000
2025-01-26,1433.9301,1524.0000
2025-01-27,1427.6300,1519.0000
2025-01-28,1417.9200,1539.0000
2025-01-29,1443.2600,1534.0000
2025-01-30,1443.3199,1508.0000
2025-01-31,1441.6600,1527.0000
2025-02-01,1441.6600,1564.0000
2025-02-02,1441.6600,1577.0000
2025-02-03,1456.7800,1563.0000
2025-02-04,1459.0500,1576.0000
2025-02-05,1450.1600,1567.0000
2025-02-06,1443.8900,1566.0000
2025-02-07,1442.1500,1550.0000
2025-02-08,1442.1500,1542.0000
2025-02-09,1442.1500,1532.0000
2025-02-10,1450.6200,1516.0000
2025-02-11,1453.2100,1526.0000
2025-02-12,1450.7500,1511.0000
2025-02-13,1452.1200,1509.0000
2025-02-14,1438.7400,1505.0000
2025-02-15,1438.7400,1512.0000
2025-02-16,1438.7400,1513.0000
2025-02-17,1432.6000,1508.0000
2025-02-18,1441.2900,1504.0000
2025-02-19,1440.0800,1493.0000
2025-02-20,1439.9800,1482.0000
2025-02-21,1431.7000,1485.0000
2025-02-22,1431.7000,1474.0000
2025-02-23,1431.7000,1468.0000
2025-02-24,1434.2900,1446.0000
2025-02-25,1428.6500,1460.0000
2025-02-26,1429.5000,1458.0000
2025-02-27,1434.4200,1467.0000
2025-02-28,1449.8600,1475.0000
2025-03-01,1449.8600,1490.0000
2025-03-02,1449.8600,1510.0000
2025-03-03,1459.8000,1509.0000
2025-03-04,1457.9301,1496.0000
2025-03-05,1452.8500,1490.0000
2025-03-06,1443.0300,1488.0000
2025-03-07,1446.5000,1492.0000
2025-03-08,1446.5000,1492.0000
2025-03-09,1446.5000,1500.0000
2025-03-10,1446.2600,1491.0000
2025-03-11,1457.0300,1483.0000
2025-03-12,1451.0200,1481.0000
2025-03-13,1448.7500,1481.0000
2025-03-14,1453.2300,1475.0000
2025-03-15,1453.2300,1472.0000
2025-03-16,1453.2300,1474.0000
2025-03-17,1449.0500,1463.0000
2025-03-18,1442.4900,1467.0000
2025-03-19,1448.9399,1467.0000
2025-03-20,1443.3900,1475.5000
2025-03-21,1465.8199,1480.5000
2025-03-22,1465.8199,1481.0000
2025-03-23,1465.8199,1476.0000
2025-03-24,1464.7800,1472.0000
2025-03-25,1466.2700,1473.5000
2025-03-26,1462.0900,1479.5000
2025-03-27,1465.6801,1476.0000
2025-03-28,1461.8900,1491.0000
2025-03-29,1461.8900,1493.0000
2025-03-30,1469.4100,1495.5000
2025-03-31,1471.9600,1491.5000
2025-04-01,1469.9700,1485.5000
2025-04-02,1466.0400,1488.0000
2025-04-03,1450.6801,1482.0000
2025-04-04,1450.6801,1471.5000
2025-04-05,1450.6801,1477.0000
2025-04-06,1458.5200,1498.0000
2025-04-07,1469.9500,1491.0000
2025-04-08,1486.1300,1499.5000
2025-04-09,1443.9500,1470.5000
2025-04-10,1452.0400,1481.0000
2025-04-11,1452.0400,1457.5000
2025-04-12,1452.0400,1448.0000
2025-04-13,1419.0500,1452.5000
2025-04-14,1419.4200,1452.0000
2025-04-15,1427.0200,1460.0000
2025-04-16,1414.2300,1451.5000
2025-04-17,1414.2300,1445.5000
2025-04-18,1414.2300,1447.0000
2025-04-19,1414.2300,1443.0000
2025-04-20,1414.2300,1443.0000
2025-04-21,1421.6400,1440.5000
2025-04-22,1429.2200,1434.0000
2025-04-23,1426.4500,1434.0000
2025-04-24,1430.0601,1434.5000
2025-04-25,1430.0601,1444.5000
2025-04-26,1430.0601,1443.0000
2025-04-27,1437.3600,1443.0000
2025-04-28,1435.8800,1441.5000
2025-04-29,1431.1600,1445.5000
2025-04-30,1423.7500,1444.0000
2025-05-01,1435.1000,1441.5000
2025-05-02,1435.1000,1430.5000
2025-05-03,1435.1000,1435.0000
2025-05-04,1398.9000,1438.0000
2025-05-05,1374.3700,1425.0000
2025-05-06,1374.7700,1419.5000
2025-05-07,1397.2900,1419.5000
2025-05-08,1403.8500,1404.5000
2025-05-09,1403.8500,1397.5000
2025-05-10,1403.8500,1385.5000
2025-05-11,1395.1700,1397.0000
2025-05-12,1416.0300,1410.5000
2025-05-13,1416.0000,1402.0000
2025-05-14,1407.3300,1408.5000
2025-05-15,1397.0200,1408.5000
2025-05-16,1397.0200,1416.5000
2025-05-17,1397.0200,1423.5000
2025-05-18,1398.1300,1414.0000
2025-05-19,1388.5500,1408.0000
2025-05-20,1392.7300,1409.0000
2025-05-21,1373.8600,1391.0000
2025-05-22,1381.3400,1387.5000
2025-05-23,1381.3400,1398.0000
2025-05-24,1381.3400,1397.5000
2025-05-25,1364.7300,1395.5000
2025-05-26,1368.1000,1390.0000
2025-05-27,1374.8000,1388.0000
2025-05-28,1373.6000,1394.5000
2025-05-29,1370.4100,1396.5000
2025-05-30,1370.4100,1415.0000
2025-05-31,1370.4100,1415.5000
2025-06-01,1381.9900,1411.0000
2025-06-02,1376.0699,1400.0000
2025-06-03,1377.7200,1397.0000
2025-06-04,1361.0900,1388.0000
2025-06-05,1354.5500,1396.0000
2025-06-06,1354.5500,1391.0000
2025-06-07,1354.5500,1386.5000
2025-06-08,1359.1899,1379.0000
2025-06-09,1353.8500,1365.0000
2025-06-10,1363.8800,1367.5000
2025-06-11,1365.6899,1379.5000
2025-06-12,1349.7900,1378.0000
2025-06-13,1349.7900,1389.5000
2025-06-14,1349.7900,1390.0000
2025-06-15,1365.1400,1383.5000
2025-06-16,1357.7800,1374.5000
2025-06-17,1380.5000,1390.5000
2025-06-18,1370.7500,1386.0000
2025-06-19,1374.8900,1386.0000
2025-06-20,1374.8900,1393.5000
2025-06-21,1374.8900,1397.5000
2025-06-22,1369.4700,1395.5000
2025-06-23,1361.9399,1387.0000
2025-06-24,1353.7800,1374.0000
2025-06-25,1357.0300,1373.5000
2025-06-26,1352.7600,1372.5000
2025-06-27,1352.7600,1373.5000
2025-06-28,1352.7600,1372.0000
2025-06-29,1363.5900,1366.0000
2025-06-30,1348.5000,1359.5000
2025-07-01,1355.5900,1372.5000
2025-07-02,1354.7500,1355.0000
2025-07-03,1357.1000,1358.0000
2025-07-04,1357.1000,1368.0000
2025-07-05,1357.1000,1369.5000
2025-07-06,1362.2000,1361.0000
2025-07-07,1374.6400,1368.0000
2025-07-08,1370.3000,1362.0000
2025-07-09,1373.0000,1357.0000
2025-07-10,1372.6400,1349.5000
2025-07-11,1372.6400,1346.5000
2025-07-12,1372.6400,1359.5000
2025-07-13,1378.1700,1357.5000
2025-07-14,1382.0100,1367.5000
2025-07-15,1386.4500,1366.5000
2025-07-16,1384.9200,1359.5000
2025-07-17,1391.5800,1361.0000
2025-07-18,1391.5800,1367.0000
2025-07-19,1391.5800,1370.5000
2025-07-20,1390.5699,1365.0000
2025-07-21,1381.8199,1364.5000
2025-07-22,1379.7800,1355.5000
2025-07-23,1373.7200,1365.0000
2025-07-24,1372.0000,1361.0000
2025-07-25,1372.0000,1364.0000
2025-07-26,1372.0000,1364.5000
2025-07-27,1382.7800,1363.0000
2025-07-28,1388.2900,1377.0000
2025-07-29,1388.8600,1385.0000
2025-07-30,1392.5200,1385.0000
2025-07-31,1391.5100,1395.0000
2025-08-01,1391.5100,1394.0000
2025-08-02,1391.5100,1400.0000
2025-08-03,1390.1801,1403.0000
2025-08-04,1383.5900,1394.0000
2025-08-05,1386.5800,1401.0000
2025-08-06,1384.3900,1392.0000
2025-08-07,1384.9700,1378.0000
2025-08-08,1384.9700,1372.0000
2025-08-09,1384.9700,1377.0000
2025-08-10,1387.8101,1373.0000
2025-08-11,1389.7900,1383.0000
2025-08-12,1383.0900,1368.0000
2025-08-13,1378.7800,1364.0000
2025-08-14,1387.8700,1392.0000
2025-08-15,1387.8700,1397.0000
2025-08-16,1387.8700,1390.0000
2025-08-17,1387.9800,1390.0000
2025-08-18,1386.9100,1391.0000
2025-08-19,1391.3400,1394.0000
2025-08-20,1396.9100,1394.0000
2025-08-21,1399.6100,1403.0000
2025-08-22,1399.6100,1379.0000
2025-08-23,1399.6100,1384.0000
2025-08-24,1382.8900,1389.0000
2025-08-25,1389.0500,1415.0000
2025-08-26,1393.9500,1401.0000
2025-08-27,1392.7500,1399.0000
2025-08-28,1384.4100,1394.0000
2025-08-29,1384.4100,1405.0000
2025-08-30,1384.4100,1395.0000
2025-08-31,1388.8400,1393.0000
2025-09-01,1392.9399,1396.0000
2025-09-02,1394.5699,1393.0000
2025-09-03,1389.6300,1387.0000
2025-09-04,1392.0601,1405.0000
2025-09-05,1392.0601,1401.0000
2025-09-06,1392.0601,1401.0000
2025-09-07,1385.5100,1395.0000
2025-09-08,1385.7200,1393.0000
2025-09-09,1387.2500,1394.0000
2025-09-10,1387.2000,1393.0000
2025-09-11,1389.5000,1390.0000
2025-09-12,1389.5000,1389.0000
2025-09-13,1389.5000,1385.0000
2025-09-14,1393.7000,1391.0000
2025-09-15,1385.0100,1394.0000
2025-09-16,1377.6400,1390.0000
2025-09-17,1378.6899,1386.0000
2025-09-18,1386.7500,1389.0000
2025-09-19,1386.7500,1402.0000
2025-09-20,1386.7500,1403.0000
2025-09-21,1396.2300,1401.0000
2025-09-22,1389.3900,1426.0000
2025-09-23,1391.8500,1426.0000
2025-09-24,1403.6500,1418.0000
2025-09-25,1408.9200,1451.0000
2025-09-26,1408.9200,1442.0000
2025-09-27,1408.9200,1440.0000
2025-09-28,1408.7100,1432.0000
2025-09-29,1399.3300,1427.0000
2025-09-30,1403.1500,1427.0000
2025-10-01,1401.8199,1420.0000
2025-10-02,1405.6300,1417.0000
2025-10-03,1405.6300,1419.0000
2025-10-04,1405.6300,1430.0000
2025-10-05,1406.0601,1434.0000
2025-10-06,1409.9200,1425.0000
2025-10-07,1414.5699,1448.0000
2025-10-08,1422.5200,1443.0000
2025-10-09,1421.5100,1460.0000
2025-10-10,1421.5100,1535.0000
2025-10-11,1421.5100,1541.0000
2025-10-12,1429.0300,1511.0000
2025-10-13,1426.0699,1490.0000
2025-10-14,1429.4301,1504.0000
2025-10-15,1420.0900,1521.0000
2025-10-16,1415.7200,1528.0000
2025-10-17,1415.7200,1537.0000
2025-10-18,1415.7200,1526.0000
2025-10-19,1419.7400,1517.0000
2025-10-20,1419.7400,1500.0000
2025-10-21,1430.7400,1506.0000
2025-10-22,1430.4000,1515.0000
2025-10-23,1435.8400,1504.0000
2025-10-24,1435.8400,1493.0000
2025-10-25,1435.8400,1490.0000
2025-10-26,1435.8400,1480.0000
2025-10-27,1436.9700,1480.0000
2025-10-28,1430.9700,1491.0000
2025-10-29,1425.9700,1494.0000
2025-10-30,1424.0100,1517.0000
2025-10-31,1424.0200,1497.0000
2025-11-01,1424.0200,1490.0000
2025-11-02,1424.0200,1484.0000
2025-11-03,1427.1700,1489.0000
2025-11-04,1428.9700,1506.0000
2025-11-05,1439.8101,1499.0000
2025-11-06,1439.7400,1494.0000
2025-11-07,1447.9000,1489.0000
2025-11-08,1447.9000,1492.0000
2025-11-09,1447.9000,1484.0000
2025-11-10,1454.0000,1480.0000
2025-11-11,1456.0900,1498.0000
2025-11-12,1459.8400,1508.0000
2025-11-13,1468.0200,1518.0000
2025-11-14,1468.7100,1519.0000
2025-11-15,1468.7100,1509.0000
2025-11-16,1468.7100,1490.0000
2025-11-17,1446.5300,1493.0000
2025-11-18,1461.6899,1481.0000
2025-11-19,1456.5500,1491.0000
2025-11-20,1466.1300,1499.0000
2025-11-21,1473.2500,1504.0000
2025-11-22,1473.2500,1503.0000
2025-11-23,1473.2500,1519.0000
2025-11-24,1467.7300,1501.0000
2025-11-25,1474.8600,1496.0000
2025-11-26,1464.9200,1494.0000
2025-11-27,1470.5900,1492.0000
2025-11-28,1461.4000,1499.0000
2025-11-29,1461.4000,1497.0000
2025-11-30,1461.4000,1501.0000
2025-12-01,1465.6200,1497.0000
2025-12-02,1470.1700,1488.0000
2025-12-03,1467.3600,1487.0000
2025-12-04,1465.0300,1493.0000
2025-12-05,1472.3800,1497.0000
2025-12-06,1472.3800,1498.0000
2025-12-07,1472.3800,1496.0000
2025-12-08,1471.8101,1490.0000
2025-12-09,1468.5100,1481.0000
2025-12-10,1467.9301,1486.0000
2025-12-11,1469.0400,1487.0000
2025-12-12,1470.8500,1494.0000
2025-12-13,1470.8500,1492.0000
2025-12-14,1470.8500,1494.0000
2025-12-15,1472.9100,1494.0000
2025-12-16,1467.4800,1488.0000
2025-12-17,1471.7400,1492.0000
2025-12-18,1474.0000,1489.0000
2025-12-19,1474.3600,1489.0000
2025-12-20,1474.3600,1490.0000
2025-12-21,1474.3600,1488.0000
2025-12-22,1473.7200,1490.0000
2025-12-23,1476.8400,1491.0000
2025-12-24,1478.6700,1474.0000
2025-12-25,1478.6700,1472.0000
2025-12-26,1446.5200,1466.0000
2025-12-27,1446.5200,1460.0000
2025-12-28,1446.5200,1456.0000
2025-12-29,1441.3300,1457.0000
2025-12-30,1434.7100,1453.0000
2025-12-31,1437.9100,1460.0000
2026-01-01,1437.9100,1451.0000
2026-01-02,1443.6400,1446.0000
2026-01-03,1443.6400,1447.0000
2026-01-04,1443.6400,1446.0000
2026-01-05,1440.4800,1450.0000
2026-01-06,1445.5601,1452.0000
2026-01-07,1444.9600,1456.0000
2026-01-08,1446.1400,1463.0000
2026-01-09,1450.0800,1473.0000
2026-01-10,1450.0800,1474.0000
2026-01-11,1450.0800,1471.0000
2026-01-12,1455.2400,1475.0000
2026-01-13,1464.9301,1467.0000
2026-01-14,1473.0100,1465.0000
2026-01-15,1462.9000,1473.0000
2026-01-16,1468.8400,1477.0000
2026-01-17,1468.8400,1476.0000
2026-01-18,1468.8400,1483.0000
2026-01-19,1471.5800,1481.0000
2026-01-20,1471.5200,1491.0000
2026-01-21,1477.7800,1481.0000
2026-01-22,1464.8300,1484.0000
2026-01-23,1463.2600,1472.0000
2026-01-24,1463.2600,1476.0000
2026-01-25,1463.2600,1482.0000
2026-01-26,1444.8101,1467.0000
2026-01-27,1440.9800,1453.0000
2026-01-28,1432.5100,1447.0000
2026-01-29,1429.2700,1466.0000
2026-01-30,1428.7600,1486.0000
2026-01-31,1428.7600,1493.0000
2026-02-01,1428.7600,1475.0000
2026-02-02,1448.8000,1483.0000
2026-02-03,1452.5400,1478.0000
2026-02-04,1446.6801,1476.0000
2026-02-05,1460.1100,1478.0000
2026-02-06,1470.6801,1488.0000
2026-02-07,1470.6801,1481.0000
2026-02-08,1470.6801,1487.0000
2026-02-09,1462.4000,1476.0000
2026-02-10,1458.5400,1483.0000
2026-02-11,1455.3300,1478.0000
2026-02-12,1444.1899,1468.0000
2026-02-13,1440.9000,1464.0000
2026-02-14,1440.9000,1473.0000
2026-02-15,1440.9000,1484.0000
2026-02-16,1439.5200,1481.0000
2026-02-17,1440.2300,1480.0000
2026-02-18,1439.9700,1484.0000
2026-02-19,1440.1600,1475.0000
2026-02-20,1447.7500,1472.0000
2026-02-21,1447.7500,1471.0000
2026-02-22,1447.7500,1472.0000
2026-02-23,1443.4399,1474.0000
2026-02-24,1442.2000,1465.0000
2026-02-25,1439.9900,1441.0000
2026-02-26,1426.9301,1445.0000
2026-02-27,1432.3199,1460.0000
2026-02-28,1432.3199,1458.0000
2026-03-01,1432.3199,1459.0000
2026-03-02,1438.5000,1462.0000
2026-03-03,1452.2700,1469.0000
2026-03-04,1483.0699,1448.0000
2026-03-05,1460.7500,1466.0000
2026-03-06,1479.5100,1479.0000
2026-03-07,1479.5100,1476.0000
2026-03-08,1479.5100,1483.0000
2026-03-09,1483.8900,1467.0000
2026-03-10,1464.4700,1463.0000
2026-03-11,1472.7800,1464.0000
2026-03-12,1475.3400,1465.0000
2026-03-13,1470.5800,1472.0000
2026-03-14,1470.5800,1476.0000
2026-03-15,1470.5800,1470.0000
2026-03-16,1501.7500,1469.0000
2026-03-17,1488.9100,1474.0000
2026-03-18,1484.8700,1485.0000
2026-03-19,1505.2500,1487.0000
2026-03-20,1489.8400,1495.0000
2026-03-21,1489.8400,1505.0000
2026-03-22,1489.8400,1503.0000
2026-03-23,1504.2100,1486.0000
2026-03-24,1485.3600,1490.0000
2026-03-25,1497.3101,1494.0000
2026-03-26,1500.9700,1509.0000
2026-03-27,1508.3600,1521.0000
2026-03-28,1508.3600,1519.0000
2026-03-29,1507.0200,1521.0000
2026-03-30,1516.1300,1519.0000
2026-03-31,1503.3300,1512.0000
2026-04-01,1512.0900,1514.0000
2026-04-02,1509.2200,1521.0000
2026-04-03,1509.2200,1518.0000
2026-04-04,1509.2200,1516.0000
2026-04-05,1509.2600,1511.0000
2026-04-06,1507.8500,1510.0000
2026-04-07,1499.1300,1491.0000
2026-04-08,1477.6000,1489.0000
2026-04-09,1473.2800,1486.0000
2026-04-10,1473.2800,1486.0000
2026-04-11,1473.2800,1485.0000
2026-04-12,1482.1801,1495.0000
2026-04-13,1476.8400,1475.0000
2026-04-14,1469.4200,1480.0000
2026-04-15,1474.0601,1477.0000
2026-04-16,1477.9200,1476.0000
2026-04-17,1477.9200,1475.0000
2026-04-18,1477.9200,1484.0000
2026-04-19,1465.1500,1490.0000
2026-04-20,1469.2600,1481.0000
2026-04-21,1485.8000,1484.0000
2026-04-22,1477.9600,1483.0000
2026-04-23,1479.9500,1487.0000
2026-04-24,1479.9500,1490.0000
2026-04-25,1479.9500,1492.0000
2026-04-26,1474.6899,1485.0000
2026-04-27,1473.0000,1491.0000
2026-04-28,1471.9900,1485.0000
2026-04-29,1487.3800,1496.0000
2026-04-30,1474.0100,1489.0000
2026-05-01,1474.0100,1483.0000
2026-05-02,1474.0100,1482.0000
2026-05-03,1471.7300,1483.0000
2026-05-04,1476.0500,1484.0000
2026-05-05,1473.9600,1478.0000
2026-05-06,1444.4500,1466.0000
2026-05-07,1454.7900,1472.0000
2026-05-08,1454.7900,1473.0000
2026-05-09,1454.7900,1474.0000
2026-05-10,1460.5500,1467.0000
2026-05-11,1474.4500,1470.0000
2026-05-12,1492.9900,1482.0000
2026-05-13,1489.8400,1486.0000
2026-05-14,1493.3400,1478.0000
2026-05-15,1493.3400,1489.0000
2026-05-16,1493.3400,1492.0000
2026-05-17,1497.1500,1492.0000
2026-05-18,1492.3199,1485.0000
2026-05-19,1507.8500,1490.0000
2026-05-20,1499.7700,1483.0000
2026-05-21,1504.4000,1484.0000
2026-05-22,1504.4000,1500.0000
2026-05-23,1504.4000,1495.0000
2026-05-24,1512.8300,1497.0000
2026-05-25,1514.7900,1487.0000
2026-05-26,1505.4399,1482.0000
2026-05-27,1503.1100,1473.0000
2026-05-28,1495.2900,1475.0000
2026-05-29,1495.2900,1482.0000
2026-05-30,1495.2900,1483.0000
2026-05-31,1506.8400,1473.0000
2026-06-01,1511.2700,1460.0000
2026-06-02,1516.6000,1479.0000
2026-06-03,1530.1100,1482.0000
2026-06-04,1533.0699,1494.0000
2026-06-05,1533.0699,1524.0000
2026-06-06,1533.0699,1520.0000
